,
,
,
id,rate
1000,22.2
1001,27.4
1003,19.6
1005,20.8
1007,42.4
1009,35.6
1011,26.6
1013,44.2
1015,39.8
1017,28.7
1019,34.7
1021,31.6
1023,33.7
1025,31.0
1027,35.3
1029,28.9
1031,27.6
1033,27.9
1035,25.8
1037,43.4
1039,30.9
1041,29.2
1043,31.3
1045,22.6
1047,28.2
1049,49.6
1051,30.3
1053,20.2
1055,37.1
1057,28.1
1059,29.6
1061,36.3
1063,38.2
1065,50.5
1067,38.8
1069,28.7
1071,30.1
1073,28.1
1075,26.8
1077,30.8
1079,24.5
1081,26.2
1083,21.8
1085,21.2
1087,53.1
1089,46.4
1091,19.6
1093,50.0
1095,30.5
1097,29.5
1099,31.3
1101,39.1
1103,33.0
1105,25.1
1107,52.6
1109,36.3
1111,34.8
1113,34.1
1115,34.0
1117,20.7
1119,11.2
1121,48.8
1123,28.9
1125,36.3
1127,23.4
1129,32.2
1131,29.2
1133,50.1
2000,33.9
2013,13.6
2016,13.3
2020,7.6
2050,10.2
2060,30.8
2068,10.4
2070,3.9
2090,28.6
2100,11.2
2110,17.8
2122,29.1
2130,9.7
2150,13.9
2164,14.3
2170,9.8
2180,24.4
2185,12.0
2188,28.4
2201,16.7
2220,28.6
2232,13.0
2240,24.1
2261,12.6
2270,5.6
2280,21.3
2282,10.9
2290,42.4
4000,20.7
4001,26.8
4003,30.1
4005,26.6
4007,49.3
4009,29.1
4011,28.1
4012,36.5
4013,26.8
4015,13.8
4017,36.9
4019,25.1
4021,34.0
4023,43.1
4025,26.5
4027,24.3
5000,34.7
5001,24.4
5003,29.4
5005,28.3
5007,29.6
5009,35.4
5011,27.0
5013,17.1
5015,26.5
5017,39.8
5019,25.9
5021,36.7
5023,46.6
5025,31.1
5027,29.5
5029,26.4
5031,26.0
5033,32.1
5035,33.1
5037,28.9
5039,27.9
5041,36.1
5043,31.3
5045,36.9
5047,47.5
5049,32.7
5051,19.7
5053,31.2
5055,40.1
5057,35.1
5059,21.5
5061,25.3
5063,36.2
5065,29.8
5067,35.3
5069,27.2
5071,31.4
5073,40.3
5075,38.0
5077,32.5
5079,40.3
5081,33.6
5083,51.7
5085,30.3
5087,28.3
5089,30.4
5091,17.7
5093,30.2
5095,36.0
5097,32.0
5099,39.0
5101,42.0
5103,37.5
5105,32.5
5107,39.6
5109,43.6
5111,27.5
5113,53.0
5115,34.0
5117,37.9
5119,37.9
5121,25.9
5123,30.4
5125,25.7
5127,34.0
5129,50.2
5131,15.5
5133,35.2
5135,43.0
5137,32.5
5139,32.9
5141,38.7
5143,40.7
5145,31.0
5147,30.0
5149,25.9
6000,22.9
6001,41.3
6003,31.3
6005,23.5
6007,15.4
6009,31.9
6011,22.1
6013,25.0
6015,21.8
6017,20.0
6019,13.4
6021,32.6
6023,13.8
6025,42.0
6027,28.5
6029,25.6
6031,30.9
6033,23.1
6035,30.5
6037,28.0
6039,33.7
6041,19.9
6043,27.4
6045,32.2
6047,10.3
6049,25.5
6051,28.9
6053,34.1
6055,33.4
6057,18.7
6059,24.4
6061,13.7
6063,17.8
6065,18.8
6067,9.5
6069,24.9
6071,24.2
6073,25.9
6075,18.6
6077,26.7
6079,19.4
6081,14.4
6083,26.4
6085,16.1
6087,10.0
6089,20.9
6091,12.9
6093,18.9
6095,28.3
6097,20.4
6099,28.0
6101,17.8
6103,16.0
6105,30.5
6107,25.4
6109,28.7
6111,34.6
6113,39.8
6115,21.6
8000,18.0
8001,17.9
8003,28.0
8005,16.8
8007,17.5
8009,35.3
8011,16.6
8013,26.1
8015,29.3
8017,37.0
8019,12.8
8021,7.0
8023,19.3
8025,20.3
8027,13.5
8029,30.4
8031,37.8
8033,38.5
8035,29.7
8037,21.5
8039,28.7
8041,18.3
8043,3.8
8045,13.6
8047,9.1
8049,13.8
8051,31.2
8053,16.4
8055,10.3
8057,16.4
8059,18.1
8061,31.2
8063,40.2
8065,26.2
8067,12.6
8069,20.2
8071,19.5
8073,26.8
8075,14.6
8077,12.7
8079,25.3
8081,24.5
8083,19.0
8085,19.3
8087,14.0
8089,16.4
8091,30.2
8093,23.3
8095,20.4
8097,35.1
8099,16.6
8101,15.9
8103,17.3
8105,8.9
8107,31.0
8109,27.4
8111,11.7
8113,28.9
8115,12.1
8117,43.0
8119,27.2
8121,18.0
8123,22.9
8125,13.1
9000,15.1
9001,19.9
9003,16.6
9005,18.9
9007,14.5
9009,11.9
9011,17.4
9013,9.2
9015,7.6
10000,17.7
10001,13.4
10003,7.0
10005,18.0
11000,19.1
11001,20.2
12000,16.9
12001,24.6
12003,29.3
12005,29.3
12007,24.8
12009,25.7
12011,25.6
12013,28.4
12015,29.1
12017,21.9
12019,19.5
12021,32.7
12023,25.3
12025,29.1
12027,14.1
12029,24.1
12031,29.5
12033,46.5
12035,39.5
12037,25.6
12039,29.6
12041,24.4
12043,38.9
12045,39.6
12047,32.2
12049,36.0
12051,29.7
12053,40.5
12055,38.7
12057,38.4
12059,25.6
12061,33.4
12063,24.0
12065,38.3
12067,24.1
12069,38.1
12071,30.9
12073,32.5
12075,23.7
12077,27.2
12079,22.6
12081,39.3
12083,33.3
12085,42.1
12087,28.3
12089,30.1
12091,20.6
12093,27.8
12095,23.6
12097,20.4
12099,20.8
12101,37.0
12103,26.0
12105,32.0
12107,22.7
12109,19.2
12111,23.6
12113,29.4
12115,42.8
12117,11.7
12119,28.6
12121,17.7
12123,20.4
12125,17.3
12127,33.5
12129,37.5
12131,32.9
12133,27.0
13000,25.3
13001,22.2
13003,29.9
13005,34.5
13007,26.7
13009,40.3
13011,38.4
13013,36.5
13015,43.2
13017,40.2
13019,27.4
13021,20.5
13023,25.4
13025,44.0
13027,35.4
13029,44.6
13031,28.7
13033,34.5
13035,37.9
13037,14.5
13039,29.8
13043,46.0
13045,29.6
13047,42.6
13049,22.7
13051,43.2
13053,25.2
13055,22.9
13057,36.3
13059,30.2
13061,24.4
13063,41.2
13065,13.9
13067,38.4
13069,55.7
13071,36.6
13073,39.8
13075,18.0
13077,38.1
13079,37.1
13081,10.5
13083,35.7
13085,19.4
13087,32.6
13089,48.9
13091,21.8
13093,20.6
13095,40.7
13097,30.1
13099,37.1
13101,41.1
13103,44.5
13105,25.9
13107,43.3
13109,45.0
13111,15.8
13113,34.0
13115,49.6
13117,44.2
13119,34.8
13121,9.9
13123,30.3
13125,8.9
13127,31.4
13129,25.6
13131,39.9
13133,24.2
13135,31.0
13137,25.7
13139,39.5
13141,41.2
13143,20.0
13145,30.4
13147,30.1
13149,48.8
13151,30.8
13153,15.0
13155,31.5
13157,30.9
13159,16.7
13161,21.9
13163,35.0
13165,18.6
13167,31.3
13169,36.9
13171,39.5
13173,48.9
13175,39.1
13177,23.0
13179,29.4
13181,37.5
13183,38.3
13185,16.1
13187,28.1
13189,32.0
13191,30.6
13193,30.5
13195,27.0
13197,37.4
13199,36.5
13201,43.7
13205,27.0
13207,38.8
13209,42.6
13211,39.5
13213,42.2
13215,21.3
13217,35.8
13219,24.9
13221,29.8
13223,34.0
13225,24.1
13227,10.9
13229,25.3
13231,14.9
13233,32.2
13235,25.6
13237,31.3
13239,19.4
13241,33.0
13243,33.7
13245,35.3
13247,46.6
13249,32.2
13251,45.1
13253,43.6
13255,24.2
13257,28.6
13259,40.5
13261,43.4
13263,34.9
13265,31.1
13267,44.0
13269,54.0
13271,40.7
13273,45.4
13275,37.6
13277,41.0
13279,40.6
13281,44.6
13283,29.2
13285,40.7
13287,40.8
13289,29.3
13291,43.9
13293,33.5
13295,45.8
13297,33.8
13299,29.2
13301,34.6
13303,25.7
13305,20.3
13307,40.7
13309,42.8
13311,36.8
13313,33.8
13315,33.7
13317,45.6
13319,30.1
13321,27.5
15000,39.5
15001,37.5
15003,34.8
15005,34.4
15007,14.4
15009,25.8
16000,12.2
16001,.
16003,15.6
16005,13.8
16007,19.2
16009,14.7
16011,26.8
16013,20.5
16015,17.3
16017,24.3
16019,18.7
16021,14.0
16023,22.9
16025,25.9
16027,16.1
16029,24.9
16031,20.6
16033,20.8
16035,24.6
16037,14.8
16039,20.4
16041,24.7
16043,26.4
16045,20.0
16047,22.9
16049,16.7
16051,23.8
16053,26.2
16055,22.9
16057,23.3
16059,16.8
16061,22.4
16063,17.9
16065,15.2
16067,25.0
16069,25.3
16071,23.8
16073,19.1
16075,20.5
16077,18.0
16079,19.8
16081,26.4
16083,22.9
16085,25.7
16087,28.3
17000,20.1
17001,21.1
17003,18.2
17005,25.1
17007,20.6
17009,19.9
17011,53.2
17013,20.5
17015,14.6
17017,14.8
17019,17.7
17021,16.9
17023,21.4
17025,19.9
17027,20.8
17029,20.7
17031,22.1
17033,21.5
17035,12.1
17037,22.3
17039,26.0
17041,19.5
17043,17.6
17045,17.9
17047,20.6
17049,17.4
17051,9.8
17053,24.9
17055,19.7
17057,15.9
17059,25.5
17061,18.1
17063,30.1
17065,20.4
17067,27.9
17069,24.0
17071,10.7
17073,23.8
17075,19.7
17077,32.7
17079,20.7
17081,16.0
17083,20.5
17085,34.0
17087,18.0
17089,26.7
17091,15.3
17093,15.5
17095,21.1
17097,16.2
17099,23.0
17101,7.8
17103,28.2
17105,13.7
17107,19.8
17109,25.4
17111,17.0
17113,17.4
17115,19.1
17117,22.9
17119,9.2
17121,12.7
17123,26.5
17125,20.9
17127,18.9
17129,32.4
17131,16.6
17133,22.7
17135,28.6
17137,16.9
17139,13.6
17141,5.8
17143,21.7
17145,24.7
17147,18.3
17149,16.6
17151,25.7
17153,24.8
17155,10.1
17157,27.3
17159,31.6
17161,36.8
17163,15.0
17165,21.2
17167,24.4
17169,25.1
17171,26.6
17173,29.4
17175,21.9
17177,19.4
17179,19.0
17181,20.4
17183,17.3
17185,26.7
17187,12.0
17189,24.5
17191,30.5
17193,20.0
17195,21.7
17197,14.4
17199,27.4
17201,23.9
17203,19.2
18000,11.5
18001,25.1
18003,26.0
18005,9.3
18007,21.9
18009,28.6
18011,24.8
18013,16.5
18015,18.4
18017,25.1
18019,8.7
18021,19.9
18023,15.9
18025,21.2
18027,18.4
18029,22.7
18031,20.6
18033,30.4
18035,23.5
18037,15.9
18039,18.0
18041,18.7
18043,27.8
18045,10.4
18047,20.3
18049,25.9
18051,17.7
18053,19.2
18055,15.9
18057,25.2
18059,15.9
18061,33.3
18063,20.8
18065,6.1
18067,9.1
18069,17.3
18071,7.7
18073,23.8
18075,24.2
18077,18.5
18079,17.8
18081,14.7
18083,27.2
18085,22.3
18087,24.0
18089,14.7
18091,23.8
18093,17.8
18095,19.3
18097,27.7
18099,26.9
18101,20.4
18103,29.6
18105,30.1
18107,18.2
18109,21.4
18111,25.8
18113,17.8
18115,19.4
18117,18.7
18119,17.2
18121,19.3
18123,17.2
18125,27.6
18127,25.2
18129,28.5
18131,19.4
18133,18.6
18135,15.0
18137,13.4
18139,19.9
18141,18.2
18143,26.2
18145,15.1
18147,19.1
18149,29.1
18151,24.5
18153,18.1
18155,13.8
18157,28.4
18159,19.0
18161,23.8
18163,32.6
18165,18.5
18167,14.5
18169,21.2
18171,26.9
18173,20.3
18175,29.7
18177,21.3
18179,16.0
18181,11.1
18183,24.7
19000,30.6
19001,17.3
19003,19.3
19005,13.2
19007,16.0
19009,15.6
19011,20.4
19013,21.2
19015,25.3
19017,16.0
19019,11.6
19021,20.3
19023,15.5
19025,6.2
19027,14.4
19029,17.5
19031,12.8
19033,16.1
19035,11.4
19037,21.3
19039,9.0
19041,15.8
19043,15.5
19045,14.6
19047,20.5
19049,16.6
19051,17.9
19053,19.6
19055,18.6
19057,6.7
19059,28.8
19061,29.7
19063,13.5
19065,22.2
19067,11.7
19069,14.5
19071,20.7
19073,18.7
19075,17.6
19077,20.6
19079,19.6
19081,19.5
19083,8.5
19085,13.7
19087,15.9
19089,13.9
19091,18.5
19093,14.6
19095,18.7
19097,16.7
19099,16.4
19101,15.9
19103,10.5
19105,17.1
19107,13.5
19109,22.0
19111,12.7
19113,13.3
19115,17.5
19117,14.0
19119,23.2
19121,12.1
19123,15.7
19125,23.6
19127,10.2
19129,10.1
19131,17.9
19133,11.0
19135,19.6
19137,13.6
19139,15.7
19141,19.1
19143,18.3
19145,22.3
19147,18.5
19149,12.2
19151,14.2
19153,24.8
19155,14.5
19157,10.3
19159,16.8
19161,16.0
19163,18.9
19165,14.2
19167,28.5
19169,14.3
19171,19.9
19173,12.0
19175,9.7
19177,10.5
19179,17.0
19181,18.0
19183,20.1
19185,26.3
19187,24.5
19189,9.1
19191,14.8
19193,26.5
19195,22.1
19197,15.6
20000,11.6
20001,22.7
20003,16.1
20005,16.8
20007,18.4
20009,26.4
20011,21.0
20013,22.2
20015,18.3
20017,20.3
20019,30.1
20021,22.7
20023,14.2
20025,18.0
20027,25.8
20029,27.7
20031,18.3
20033,15.6
20035,17.4
20037,17.2
20039,13.5
20041,15.9
20043,23.7
20045,24.4
20047,20.8
20049,16.2
20051,18.9
20053,15.2
20055,17.5
20057,32.4
20059,13.7
20061,13.8
20063,22.7
20065,18.6
20067,19.5
20069,24.2
20071,15.0
20073,18.6
20075,17.2
20077,13.6
20079,13.4
20081,23.0
20083,20.5
20085,21.4
20087,15.1
20089,17.2
20091,13.8
20093,15.1
20095,14.3
20097,20.2
20099,7.0
20101,19.2
20103,17.6
20105,14.6
20107,26.6
20109,14.4
20111,13.7
20113,19.9
20115,21.5
20117,13.7
20119,23.1
20121,11.7
20123,16.2
20125,14.7
20127,14.3
20129,12.6
20131,14.8
20133,25.0
20135,19.6
20137,18.2
20139,11.0
20141,29.8
20143,14.7
20145,16.9
20147,16.6
20149,23.1
20151,12.9
20153,18.6
20155,18.3
20157,12.2
20159,16.3
20161,16.6
20163,20.2
20165,20.5
20167,18.4
20169,17.4
20171,18.6
20173,19.0
20175,23.9
20177,19.8
20179,12.8
20181,22.1
20183,25.3
20185,22.2
20187,16.5
20189,24.1
20191,17.7
20193,20.2
20195,19.3
20197,15.6
20199,18.2
20201,13.1
20203,13.1
20205,13.2
20207,16.7
20209,15.0
21000,17.6
21001,28.4
21003,30.2
21005,38.3
21007,25.5
21009,39.0
21011,31.4
21013,18.5
21015,26.2
21017,29.3
21019,38.9
21021,47.3
21023,11.7
21025,25.8
21027,26.6
21029,25.0
21031,24.7
21033,43.6
21035,27.9
21037,15.4
21039,33.5
21041,28.7
21043,24.5
21045,21.1
21047,28.3
21049,31.6
21051,31.4
21053,42.8
21055,26.3
21057,25.7
21059,52.5
21061,41.2
21063,34.1
21065,40.3
21067,21.4
21069,29.3
21071,38.1
21073,40.3
21075,21.8
21077,32.1
21079,37.9
21081,24.2
21083,45.6
21085,24.5
21087,28.7
21089,27.9
21091,28.7
21093,34.6
21095,31.6
21097,25.7
21099,19.3
21101,20.3
21103,36.6
21105,25.1
21107,37.5
21109,28.1
21111,23.2
21113,30.5
21115,26.4
21117,42.9
21119,22.3
21121,21.8
21123,32.7
21125,19.7
21127,38.3
21129,49.4
21131,27.1
21133,31.4
21135,32.2
21137,50.0
21139,37.3
21141,34.4
21143,39.3
21145,31.4
21147,22.8
21149,28.1
21151,22.8
21153,28.7
21155,52.6
21157,24.8
21159,22.9
21161,39.5
21163,26.2
21165,18.9
21167,46.0
21169,31.0
21171,21.4
21173,46.0
21175,23.7
21177,41.1
21179,35.8
21181,26.1
21183,37.5
21185,35.0
21187,20.0
21189,31.5
21191,26.7
21193,7.1
21195,27.6
21197,55.0
21199,23.9
21201,35.2
21203,29.0
21205,40.8
21207,33.3
21209,35.8
21211,36.3
21213,31.3
21215,37.9
21217,14.4
21219,18.3
21221,28.5
21223,12.2
21225,32.2
21227,30.3
21229,28.7
21231,23.8
21233,24.8
21235,22.6
21237,24.4
21239,39.3
22000,24.1
22001,37.2
22003,51.2
22005,16.2
22007,28.4
22009,26.3
22011,26.5
22013,15.7
22015,25.6
22017,33.9
22019,22.7
22021,34.0
22023,19.8
22025,32.5
22027,23.3
22029,32.7
22031,19.4
22033,32.1
22035,42.4
22037,41.8
22039,33.9
22041,28.1
22043,57.7
22045,28.8
22047,35.7
22049,45.1
22051,27.9
22053,31.3
22055,34.9
22057,31.0
22059,31.1
22061,24.3
22063,21.1
22065,21.9
22067,26.9
22069,32.1
22071,18.1
22073,55.2
22075,41.1
22077,36.7
22079,39.0
22081,35.1
22083,18.7
22085,30.7
22087,28.4
22089,36.8
22091,40.3
22093,30.8
22095,38.4
22097,18.5
22099,38.8
22101,23.4
22103,28.4
22105,40.5
22107,29.0
22109,29.5
22111,15.0
22113,30.9
22115,50.2
22117,23.2
22119,34.0
22121,26.6
22123,22.3
22125,36.2
22127,37.0
23000,24.0
23001,34.8
23003,21.1
23005,35.0
23007,18.2
23009,22.3
23011,22.1
23013,13.7
23015,21.0
23017,20.1
23019,19.1
23021,20.4
23023,21.2
23025,20.8
23027,19.3
23029,27.7
23031,18.1
24000,25.1
24001,24.4
24003,27.2
24005,12.2
24009,13.9
24011,24.7
24013,9.3
24015,12.9
24017,8.6
24019,24.2
24021,7.8
24023,14.7
24025,10.8
24027,28.8
24029,8.6
24031,23.9
24033,9.6
24035,6.7
24037,21.9
24039,9.7
24041,14.1
24043,10.8
24045,11.7
24047,38.1
24510,16.7
25000,17.2
25001,23.2
25003,22.0
25005,32.6
25007,16.2
25009,14.9
25011,18.8
25013,19.2
25015,13.4
25017,16.9
25019,17.7
25021,29.3
25023,12.1
25025,10.6
25027,9.4
26000,7.5
26001,11.2
26003,28.7
26005,18.0
26007,23.7
26009,30.0
26011,23.5
26013,18.2
26015,27.3
26017,25.1
26019,29.7
26021,23.9
26023,16.3
26025,22.8
26027,20.9
26029,25.8
26031,26.7
26033,28.6
26035,24.7
26037,22.4
26039,33.4
26041,23.4
26043,40.1
26045,11.0
26047,32.3
26049,22.9
26051,18.1
26053,15.8
26055,15.4
26057,33.0
26059,33.9
26061,34.8
26063,15.4
26065,26.5
26067,28.3
26069,19.1
26071,24.9
26073,26.1
26075,17.7
26077,34.5
26079,26.6
26081,22.6
26083,28.5
26085,21.0
26087,29.1
26089,18.6
26091,22.6
26093,52.2
26095,16.7
26097,16.2
26099,21.4
26101,8.0
26103,32.4
26105,23.9
26107,19.7
26109,28.8
26111,18.0
26113,26.8
26115,31.6
26117,24.9
26119,16.7
26121,25.8
26123,16.4
26125,26.8
26127,36.5
26129,28.1
26131,26.1
26133,13.1
26135,30.9
26137,38.0
26139,31.6
26141,34.4
26143,31.9
26145,21.2
26147,12.3
26149,26.2
26151,39.8
26153,29.6
26155,21.4
26157,26.0
26159,25.2
26161,27.3
26163,22.8
26165,25.3
27000,24.6
27001,15.2
27003,36.9
27005,29.1
27007,14.0
27009,23.3
27011,10.3
27013,19.3
27015,27.3
27017,14.3
27019,19.2
27021,13.5
27023,11.6
27025,14.1
27027,5.2
27029,26.6
27031,16.2
27033,8.2
27035,13.3
27037,24.6
27039,16.5
27041,19.0
27043,16.4
27045,10.0
27047,9.6
27049,13.0
27051,18.2
27053,16.1
27055,16.9
27057,11.6
27059,16.4
27061,15.3
27063,11.9
27065,21.0
27067,10.8
27069,20.5
27071,14.0
27073,21.6
27075,18.1
27077,13.2
27079,22.9
27081,14.3
27083,16.6
27085,19.9
27087,11.2
27089,13.6
27091,15.2
27093,11.8
27095,38.3
27097,13.6
27099,17.8
27101,12.2
27103,17.9
27105,16.4
27107,18.7
27109,13.1
27111,11.7
27113,19.4
27115,19.8
27117,10.3
27119,16.5
27121,14.6
27123,23.2
27125,17.2
27127,17.4
27129,13.5
27131,22.5
27133,14.2
27135,13.7
27137,17.8
27139,13.9
27141,13.5
27143,11.9
27145,19.0
27147,6.7
27149,7.7
27151,13.7
27153,12.6
27155,14.4
27157,11.4
27159,14.2
27161,20.8
27163,18.3
27165,11.7
27167,20.3
27169,14.0
27171,6.9
27173,17.3
28000,13.7
28001,14.0
28003,8.2
28005,14.1
28007,34.0
28009,44.3
28011,31.8
28013,36.8
28015,37.9
28017,39.6
28019,55.8
28021,36.3
28023,28.5
28025,33.2
28027,37.3
28029,52.1
28031,31.2
28033,47.7
28035,55.9
28037,42.5
28039,41.1
28041,16.4
28043,37.7
28045,34.4
28047,25.7
28049,25.8
28051,35.9
28053,30.5
28055,35.4
28057,40.3
28059,62.1
28061,64.7
28063,56.4
28065,27.0
28067,25.9
28069,33.3
28071,49.7
28073,44.3
28075,32.1
28077,41.4
28079,29.7
28081,21.8
28083,38.8
28085,27.4
28087,48.2
28089,26.3
28091,56.2
28093,34.8
28095,36.1
28097,18.2
28099,40.5
28101,36.3
28103,30.9
28105,36.6
28107,36.8
28109,32.1
28111,50.4
28113,32.7
28115,39.0
28117,34.6
28119,33.1
28121,42.3
28123,23.9
28125,31.7
28127,58.3
28129,16.7
28131,39.2
28133,57.9
28135,39.9
28137,30.8
28139,30.9
28141,51.7
28143,45.6
28145,27.3
28147,31.6
28149,27.3
28151,48.2
28153,27.2
28155,42.6
28157,41.3
28159,51.1
28161,36.1
28163,31.2
29000,42.1
29001,41.5
29003,39.4
29005,51.4
29007,22.2
29009,24.9
29011,13.1
29013,16.8
29015,32.9
29017,32.2
29019,27.8
29021,27.9
29023,39.3
29025,29.0
29027,17.4
29029,25.7
29031,31.6
29033,22.3
29035,20.1
29037,32.6
29039,21.9
29041,26.2
29043,36.9
29045,12.7
29047,37.9
29049,22.4
29051,16.4
29053,25.6
29055,12.2
29057,16.8
29059,18.1
29061,22.4
29063,30.1
29065,29.2
29067,33.0
29069,31.1
29071,17.7
29073,33.7
29075,35.8
29077,40.0
29079,16.0
29081,23.8
29083,21.8
29085,25.2
29087,31.8
29089,30.4
29091,28.6
29093,43.1
29095,19.0
29097,23.4
29099,38.5
29101,34.8
29103,24.3
29105,25.3
29107,14.6
29109,18.9
29111,35.5
29113,30.8
29115,19.3
29117,29.3
29119,26.2
29121,17.1
29123,27.3
29125,24.1
29127,32.2
29129,28.2
29131,33.0
29133,27.4
29135,24.9
29137,25.0
29139,31.2
29141,51.6
29143,21.9
29145,27.2
29147,22.6
29149,33.1
29151,34.8
29153,23.5
29155,16.7
29157,39.7
29159,12.3
29161,41.7
29163,45.4
29165,17.5
29167,27.6
29169,23.0
29171,27.3
29173,10.0
29175,28.6
29177,17.4
29179,31.2
29181,17.4
29183,28.9
29185,20.8
29186,37.0
29187,39.0
29189,8.3
29195,38.5
29197,17.7
29199,28.0
29201,16.2
29203,28.5
29205,34.1
29207,27.4
29209,29.0
29211,50.1
29213,26.0
29215,24.2
29217,30.0
29219,22.6
29221,29.0
29223,37.6
29225,31.0
29227,18.9
29229,39.2
29510,41.6
30000,32.0
30001,23.3
30003,41.2
30005,43.1
30007,20.8
30009,24.7
30011,36.5
30013,33.9
30015,18.4
30017,16.5
30019,22.6
30021,21.7
30023,28.8
30025,17.1
30027,10.5
30029,14.5
30031,25.3
30033,10.8
30035,19.5
30037,22.4
30039,13.0
30041,24.4
30043,37.9
30045,31.5
30047,24.4
30049,22.9
30051,13.8
30053,20.5
30055,30.7
30057,16.2
30059,26.7
30061,31.3
30063,21.3
30065,17.6
30067,31.2
30069,31.0
30071,18.8
30073,28.6
30075,18.9
30077,18.3
30079,24.3
30081,28.9
30083,15.0
30085,24.5
30087,21.2
30089,26.1
30091,10.1
30093,37.8
30095,26.9
30097,31.6
30099,13.1
30101,25.9
30103,12.0
30105,16.0
30107,19.2
30109,18.6
30111,19.1
30113,18.8
31000,30.2
31001,17.3
31003,15.8
31005,17.1
31007,16.2
31009,18.4
31011,15.4
31013,21.6
31015,29.7
31017,13.0
31019,18.8
31021,25.4
31023,19.6
31025,15.2
31027,17.2
31029,12.2
31031,12.4
31033,13.1
31035,12.8
31037,21.7
31039,13.7
31041,17.9
31043,15.2
31045,13.1
31047,19.7
31049,22.3
31051,22.3
31053,20.2
31055,23.0
31057,15.3
31059,15.1
31061,20.0
31063,20.6
31065,12.9
31067,18.0
31069,14.6
31071,21.8
31073,16.0
31075,27.1
31077,19.0
31079,15.1
31081,16.3
31083,19.5
31085,22.2
31087,11.7
31089,18.3
31091,25.1
31093,23.2
31095,16.7
31097,12.6
31099,14.8
31101,19.8
31103,17.5
31105,13.4
31107,22.4
31109,33.3
31111,19.6
31113,21.0
31115,16.7
31117,17.9
31119,14.9
31121,29.4
31123,29.3
31125,17.4
31127,16.3
31129,19.2
31131,18.0
31133,17.1
31135,18.8
31137,13.7
31139,23.7
31141,13.4
31143,12.9
31145,12.1
31147,14.2
31149,12.1
31151,16.7
31153,21.8
31155,25.6
31157,14.9
31159,8.5
31161,10.9
31163,24.3
31165,9.8
31167,26.9
31169,20.9
31171,26.6
31173,12.1
31175,17.6
31177,21.8
31179,40.7
31181,18.2
31183,9.7
31185,13.1
32000,15.1
32001,25.5
32003,13.7
32005,22.7
32007,21.0
32009,23.7
32011,15.8
32013,12.1
32015,21.1
32017,9.8
32019,14.4
32021,13.2
32023,20.7
32027,24.1
32029,30.2
32031,31.6
32033,24.6
32510,12.6
33000,19.6
33001,17.6
33003,22.9
33005,10.9
33007,13.6
33009,16.5
33011,13.7
33013,22.4
33015,13.4
33017,11.0
33019,10.8
34000,6.7
34001,11.5
34003,15.0
34005,16.5
34007,25.3
34009,10.6
34011,9.0
34013,22.3
34015,17.9
34017,28.4
34019,24.9
34021,11.4
34023,31.5
34025,4.2
34027,15.4
34029,12.6
34031,10.3
34033,5.6
34035,19.4
34037,25.2
34039,23.5
34041,6.6
35000,7.2
35001,15.0
35003,11.6
35005,30.1
35006,27.1
35007,40.8
35009,31.2
35011,42.9
35013,32.3
35015,29.8
35017,36.9
35019,37.6
35021,21.1
35023,33.7
35025,35.7
35027,23.2
35028,38.5
35029,20.0
35031,34.1
35033,4.4
35035,44.1
35037,47.5
35039,37.3
35041,33.6
35043,39.7
35045,32.6
35047,31.5
35049,20.9
35051,27.0
35053,43.3
35055,26.9
35057,46.3
35059,43.9
35061,37.5
36000,39.2
36001,24.4
36003,31.2
36005,22.9
36007,16.1
36009,25.6
36011,41.6
36013,25.0
36015,28.7
36017,22.2
36019,29.5
36021,25.5
36023,24.7
36025,20.5
36027,17.9
36029,20.7
36031,29.1
36033,12.8
36035,23.1
36037,19.0
36039,29.0
36041,25.1
36043,19.3
36045,21.6
36047,21.8
36049,25.4
36051,22.6
36053,33.3
36055,22.9
36057,17.7
36059,19.3
36061,22.7
36063,28.5
36065,9.1
36067,26.6
36069,19.5
36071,25.6
36073,21.4
36075,13.3
36077,21.2
36079,24.7
36081,27.7
36083,21.6
36085,6.7
36087,21.6
36089,20.7
36091,19.0
36093,24.6
36095,29.7
36097,9.7
36099,23.8
36101,18.8
36103,25.8
36105,21.7
36107,24.7
36109,10.1
36111,28.3
36113,18.0
36115,17.9
36117,17.4
36119,18.9
36121,21.7
36123,17.7
37000,13.4
37001,16.9
37003,27.3
37005,25.1
37007,27.1
37009,22.9
37011,32.6
37013,37.9
37015,33.2
37017,31.6
37019,32.6
37021,36.9
37023,37.4
37025,28.1
37027,22.0
37029,31.1
37031,17.0
37033,25.4
37035,13.9
37037,24.1
37039,33.2
37041,24.9
37043,21.9
37045,34.3
37047,36.1
37049,32.9
37051,31.0
37053,38.3
37055,26.2
37057,27.4
37059,19.1
37061,19.8
37063,28.3
37065,19.2
37067,37.0
37069,22.4
37071,45.8
37073,30.4
37075,25.3
37077,28.0
37079,26.5
37081,35.9
37083,21.0
37085,33.9
37087,27.4
37089,43.5
37091,24.3
37093,31.1
37095,23.9
37097,38.1
37099,31.9
37101,32.5
37103,17.6
37105,31.7
37107,21.6
37109,34.8
37111,26.7
37113,34.1
37115,20.8
37117,31.3
37119,33.0
37121,30.1
37123,35.9
37125,20.5
37127,29.4
37129,33.0
37131,22.3
37133,24.1
37135,24.2
37137,42.1
37139,23.2
37141,13.4
37143,35.1
37145,33.9
37147,25.5
37149,35.1
37151,25.7
37153,31.1
37155,26.4
37157,28.7
37159,40.8
37161,44.0
37163,29.3
37165,27.8
37167,34.4
37169,32.8
37171,44.1
37173,25.6
37175,20.7
37177,31.0
37179,34.9
37181,29.7
37183,38.9
37185,14.4
37187,40.3
37189,14.5
37191,39.8
37193,40.3
37195,21.3
37197,32.1
37199,31.5
38000,33.7
38001,27.1
38003,30.8
38005,12.4
38007,13.7
38009,12.2
38011,37.7
38013,6.8
38015,12.3
38017,8.3
38019,11.2
38021,9.2
38023,11.2
38025,11.5
38027,14.0
38029,15.0
38031,12.5
38033,11.5
38035,14.5
38037,9.0
38039,17.0
38041,12.0
38043,20.5
38045,10.4
38047,12.7
38049,17.0
38051,10.3
38053,13.9
38055,14.3
38057,17.2
38059,12.7
38061,13.0
38063,7.9
38065,11.4
38067,15.2
38069,12.2
38071,17.3
38073,9.3
38075,13.3
38077,17.4
38079,9.7
38081,9.9
38083,10.8
38085,33.4
38087,7.4
38089,23.4
38091,43.0
38093,8.3
38095,7.7
38097,11.5
38099,13.5
38101,15.2
38103,9.2
38105,13.4
39000,9.9
39001,11.5
39003,9.0
39005,22.7
39007,35.2
39009,22.9
39011,19.8
39013,29.2
39015,29.5
39017,13.7
39019,25.2
39021,25.7
39023,17.4
39025,23.5
39027,18.5
39029,28.3
39031,14.1
39033,25.3
39035,27.4
39037,24.8
39039,27.1
39041,28.1
39043,21.2
39045,17.3
39047,6.4
39049,22.7
39051,15.3
39053,28.2
39055,25.4
39057,14.5
39059,33.2
39061,10.3
39063,15.7
39065,33.9
39067,25.8
39069,16.2
39071,22.2
39073,26.1
39075,15.6
39077,33.2
39079,26.8
39081,20.2
39083,21.6
39085,30.1
39087,26.7
39089,22.3
39091,13.1
39093,28.5
39095,17.1
39097,18.7
39099,22.6
39101,29.7
39103,17.9
39105,26.8
39107,24.2
39109,8.9
39111,31.4
39113,11.7
39115,15.8
39117,25.5
39119,28.7
39121,33.1
39123,21.9
39125,30.3
39127,21.7
39129,14.8
39131,18.6
39133,27.1
39135,19.0
39137,36.0
39139,18.4
39141,19.8
39143,9.2
39145,25.6
39147,28.1
39149,19.5
39151,32.1
39153,20.3
39155,14.9
39157,23.1
39159,20.6
39161,32.3
39163,21.7
39165,9.5
39167,17.6
39169,35.1
39171,8.8
39173,22.3
39175,20.1
40000,18.8
40001,12.7
40003,14.8
40005,23.8
40007,40.5
40009,19.4
40011,29.4
40013,15.3
40015,20.7
40017,26.0
40019,27.6
40021,29.6
40023,10.8
40025,23.5
40027,32.6
40029,40.2
40031,28.7
40033,15.3
40035,26.8
40037,28.5
40039,23.5
40041,27.9
40043,21.2
40045,18.6
40047,35.0
40049,17.9
40051,17.2
40053,20.5
40055,24.7
40057,17.9
40059,18.4
40061,31.1
40063,32.9
40065,14.4
40067,32.2
40069,31.5
40071,26.0
40073,30.5
40075,27.9
40077,28.2
40079,14.5
40081,30.3
40083,27.4
40085,30.8
40087,23.6
40089,16.8
40091,23.7
40093,14.8
40095,36.4
40097,31.0
40099,16.0
40101,29.4
40103,29.4
40105,21.8
40107,29.9
40109,19.7
40111,27.4
40113,32.8
40115,26.2
40117,29.1
40119,21.9
40121,33.1
40123,23.6
40125,22.3
40127,25.3
40129,26.5
40131,27.3
40133,38.8
40135,18.3
40137,12.5
40139,35.4
40141,34.5
40143,22.0
40145,19.0
40147,31.4
40149,23.1
40151,15.9
40153,20.2
41000,21.3
41001,17.5
41003,18.1
41005,21.6
41007,24.7
41009,14.6
41011,11.3
41013,24.4
41015,17.2
41017,30.1
41019,28.3
41021,28.0
41023,20.1
41025,28.6
41027,19.7
41029,29.0
41031,28.0
41033,21.4
41035,26.7
41037,33.9
41039,30.7
41041,26.8
41043,29.0
41045,24.4
41047,33.0
41049,26.3
41051,38.8
41053,27.9
41055,24.5
41057,23.0
41059,21.8
41061,23.7
41063,26.1
41065,22.8
41067,24.7
41069,26.3
41071,25.9
42000,13.8
42001,39.1
42003,18.6
42005,19.2
42007,14.7
42009,18.5
42011,20.2
42013,16.3
42015,20.2
42017,21.2
42019,24.3
42021,20.2
42023,8.4
42025,9.9
42027,23.2
42029,22.8
42031,22.2
42033,13.6
42035,8.4
42037,21.9
42039,23.5
42041,21.9
42043,20.2
42045,22.6
42047,11.5
42049,20.4
42051,14.2
42053,13.9
42055,26.9
42057,30.4
42059,38.0
42061,17.4
42063,18.1
42065,22.5
42067,21.3
42069,20.0
42071,24.0
42073,17.5
42075,20.8
42077,15.3
42079,20.9
42081,16.0
42083,22.2
42085,26.8
42087,20.0
42089,27.8
42091,22.2
42093,24.4
42095,16.7
42097,8.2
42099,16.3
42101,12.8
42103,23.1
42105,16.1
42107,36.3
42109,15.8
42111,24.0
42113,19.8
42115,19.2
42117,19.4
42119,21.9
42121,21.5
42123,18.6
42125,16.4
42127,25.0
42129,23.1
42131,14.2
42133,18.8
44000,15.9
44001,16.8
44003,16.9
44005,22.0
44007,9.1
44009,11.3
45000,13.4
45001,28.5
45003,10.5
45005,27.3
45007,28.4
45009,28.6
45011,56.1
45013,24.3
45015,43.0
45017,38.6
45019,23.9
45021,24.4
45023,30.6
45025,25.8
45027,36.5
45029,32.9
45031,37.0
45033,40.6
45035,39.3
45037,39.2
45039,42.9
45041,18.6
45043,27.1
45045,34.8
45047,28.7
45049,37.9
45051,24.5
45053,34.7
45055,36.9
45057,31.3
45059,40.3
45061,25.8
45063,24.6
45065,35.1
45067,44.2
45069,18.8
45071,37.8
45073,53.5
45075,40.8
45077,28.4
45079,27.7
45081,38.3
45083,21.7
45085,24.6
45087,33.0
45089,26.9
45091,33.6
46000,30.0
46003,49.3
46005,17.2
46007,18.6
46009,16.6
46011,22.1
46013,48.7
46015,17.7
46017,12.0
46019,12.3
46021,19.7
46023,47.5
46025,20.8
46027,11.7
46029,34.9
46031,21.3
46033,19.4
46035,12.2
46037,53.4
46039,18.1
46041,15.0
46043,20.3
46045,13.0
46047,35.4
46049,14.5
46051,15.5
46053,23.6
46055,20.9
46057,14.2
46059,25.5
46061,15.8
46063,13.5
46065,11.7
46067,13.7
46069,17.9
46071,14.1
46073,18.3
46075,13.1
46077,44.5
46079,24.3
46081,20.7
46083,14.0
46085,13.5
46087,18.9
46089,5.2
46091,31.5
46093,11.7
46095,23.2
46097,19.9
46099,15.7
46101,47.9
46103,15.5
46105,13.6
46107,15.0
46109,22.1
46111,18.7
46113,14.8
46115,27.4
46117,18.3
46119,53.4
46121,14.9
46123,14.1
46125,7.2
46127,51.1
46129,27.0
46135,13.2
46137,7.9
47000,19.5
47001,14.9
47003,55.4
47005,26.5
47007,29.8
47009,27.7
47011,35.6
47013,36.3
47015,20.3
47017,27.5
47019,35.7
47021,25.2
47023,27.0
47025,34.0
47027,20.3
47029,27.1
47031,30.9
47033,39.7
47035,41.1
47037,29.9
47039,27.7
47041,29.1
47043,29.4
47045,32.9
47047,33.6
47049,22.6
47051,28.6
47053,21.0
47055,37.0
47057,25.4
47059,27.2
47061,24.9
47063,29.1
47065,29.8
47067,38.3
47069,29.1
47071,25.8
47073,45.2
47075,32.4
47077,36.1
47079,31.3
47081,35.1
47083,27.6
47085,32.9
47087,33.2
47089,30.8
47091,27.2
47093,39.9
47095,26.5
47097,38.3
47099,20.3
47101,44.9
47103,36.1
47105,27.4
47107,31.2
47109,26.7
47111,24.8
47113,24.6
47115,28.7
47117,32.6
47119,30.4
47121,26.4
47123,23.2
47125,21.9
47127,30.8
47129,29.7
47131,21.4
47133,21.9
47135,33.1
47137,28.7
47139,29.2
47141,35.1
47143,30.2
47145,29.1
47147,35.6
47149,28.4
47151,28.0
47153,18.8
47155,15.5
47157,39.1
47159,30.7
47161,27.6
47163,34.7
47165,24.3
47167,26.6
47169,27.9
47171,15.7
47173,21.9
47175,28.0
47177,28.9
47179,35.6
47181,29.0
47183,29.0
47185,23.5
47187,30.9
47189,26.0
48000,28.5
48001,6.7
48003,15.0
48005,25.0
48007,27.7
48009,15.3
48011,33.1
48013,37.6
48015,14.5
48017,15.5
48019,28.3
48021,20.4
48023,31.5
48025,27.6
48027,27.2
48029,32.3
48031,31.2
48033,21.5
48035,23.9
48037,20.8
48039,15.6
48041,27.2
48043,31.3
48045,15.3
48047,27.1
48049,23.5
48051,29.4
48053,46.7
48055,29.3
48057,28.8
48059,25.9
48061,26.0
48063,28.9
48065,23.5
48067,44.6
48069,33.5
48071,11.7
48073,31.6
48075,30.4
48077,14.6
48079,37.0
48081,32.8
48083,20.3
48085,35.1
48087,23.2
48089,37.0
48091,9.9
48093,36.9
48095,24.8
48097,15.6
48099,32.3
48101,28.7
48103,24.1
48105,21.3
48107,35.8
48109,13.1
48111,20.2
48113,43.3
48115,36.0
48117,20.6
48119,29.5
48121,30.7
48123,31.3
48125,30.7
48127,11.0
48129,28.4
48131,35.5
48133,39.0
48135,32.1
48137,35.7
48139,29.9
48141,21.9
48143,38.3
48145,18.7
48147,31.2
48149,25.4
48151,33.4
48153,25.1
48155,18.4
48157,26.7
48159,34.0
48161,28.7
48163,12.2
48165,29.8
48167,22.8
48169,35.9
48171,21.4
48173,20.2
48175,29.0
48177,22.4
48179,16.0
48181,24.9
48183,30.7
48185,18.5
48187,21.9
48189,24.5
48191,26.9
48193,16.3
48195,31.6
48197,38.0
48199,29.9
48201,18.0
48203,31.1
48205,17.8
48207,26.7
48209,25.8
48211,10.1
48213,36.1
48215,15.1
48217,11.3
48219,37.3
48221,44.5
48223,28.6
48225,24.4
48227,22.4
48229,29.0
48231,34.8
48233,24.9
48235,45.7
48237,25.5
48239,22.4
48241,13.1
48243,21.0
48245,20.8
48247,30.1
48249,26.6
48251,31.4
48253,34.2
48255,31.9
48257,18.5
48259,30.2
48261,29.1
48263,17.6
48265,13.0
48267,30.7
48269,23.7
48271,29.2
48273,37.7
48275,10.8
48277,24.3
48279,29.9
48281,36.8
48283,28.8
48285,31.7
48287,26.2
48289,35.6
48291,18.8
48293,19.7
48295,26.4
48297,26.1
48299,30.2
48301,15.3
48303,25.6
48305,30.0
48307,19.2
48309,25.2
48311,30.4
48313,35.0
48315,27.7
48317,15.9
48319,30.2
48321,39.4
48323,19.9
48325,28.0
48327,32.7
48329,34.8
48331,26.3
48333,41.9
48335,15.8
48337,28.3
48339,29.8
48341,25.8
48343,24.4
48345,16.5
48347,22.7
48349,31.1
48351,34.3
48353,33.3
48355,33.5
48357,31.6
48359,31.9
48361,26.2
48363,15.6
48365,34.4
48367,22.5
48369,27.5
48371,20.2
48373,16.4
48375,22.6
48377,23.7
48379,31.0
48381,32.3
48383,34.5
48385,30.7
48387,14.2
48389,13.3
48391,39.1
48393,30.0
48395,32.5
48397,25.7
48399,14.9
48401,35.0
48403,9.1
48405,30.0
48407,27.6
48409,30.0
48411,39.5
48413,33.6
48415,23.7
48417,37.0
48419,20.1
48421,21.1
48423,22.2
48425,32.3
48427,18.4
48429,25.3
48431,18.2
48433,51.2
48435,31.4
48437,21.1
48439,24.5
48441,18.5
48443,30.7
48445,21.5
48447,24.9
48449,28.6
48451,32.7
48453,23.7
48455,32.8
48457,22.4
48459,21.0
48461,33.7
48463,28.2
48465,25.9
48467,20.0
48469,39.4
48471,32.3
48473,26.1
48475,23.8
48477,28.6
48479,26.4
48481,20.1
48483,21.8
48485,40.6
48487,28.2
48489,19.3
48491,27.8
48493,26.5
48495,49.8
48497,9.7
48499,16.3
48501,20.8
48503,16.3
48505,28.2
48507,17.4
49000,25.1
49001,42.9
49003,45.0
49005,14.6
49007,14.0
49009,13.0
49011,14.2
49013,20.2
49015,8.3
49017,9.7
49019,12.2
49021,17.4
49023,18.5
49025,23.4
49027,23.7
49029,17.3
49031,20.0
49033,20.4
49035,6.3
49037,39.6
49039,16.1
49041,15.9
49043,30.6
49045,21.6
49047,19.1
49049,9.6
49051,11.5
49053,13.2
49055,12.1
49057,11.0
50000,21.4
50001,25.3
50003,17.2
50005,15.2
50007,13.2
50009,21.2
50011,19.7
50013,10.1
50015,26.3
50017,15.7
50019,14.4
50021,15.8
50023,17.2
50025,21.9
50027,17.4
51000,14.0
51001,19.4
51003,14.2
51005,15.7
51007,29.4
51009,11.6
51011,20.9
51013,18.2
51015,20.8
51017,24.0
51019,11.2
51021,12.9
51023,17.9
51025,12.3
51027,20.2
51029,10.0
51031,28.9
51033,32.8
51035,28.4
51036,18.7
51037,21.0
51041,25.6
51043,19.6
51045,27.6
51047,10.8
51049,9.9
51051,21.7
51053,15.2
51057,27.8
51059,27.5
51061,20.2
51063,26.1
51065,7.7
51067,8.8
51069,21.1
51071,10.5
51073,22.6
51075,11.6
51077,17.8
51079,16.0
51081,9.5
51083,29.1
51085,16.6
51087,28.7
51089,28.9
51091,6.8
51093,14.6
51095,29.5
51097,24.3
51099,14.0
51101,11.2
51103,21.1
51105,10.8
51107,13.3
51109,28.4
51111,38.6
51113,4.1
51115,17.7
51117,29.5
51119,18.5
51121,18.2
51125,28.4
51127,26.6
51131,18.3
51133,23.1
51135,9.9
51137,34.3
51139,31.0
51141,29.3
51143,15.5
51145,22.3
51147,28.2
51149,21.3
51153,9.2
51155,29.3
51157,14.8
51159,10.0
51161,22.3
51163,17.7
51165,25.8
51167,9.8
51169,18.3
51171,14.5
51173,26.2
51175,26.5
51177,18.0
51179,25.9
51181,22.5
51183,10.4
51185,8.1
51187,20.2
51191,30.4
51193,22.9
51195,17.0
51197,21.2
51199,28.5
51510,27.8
51515,21.6
51520,7.4
51530,15.3
51540,31.0
51550,36.4
51560,24.1
51570,23.7
51580,12.6
51590,17.2
51595,24.8
51600,39.1
51610,41.6
51620,7.9
51630,3.4
51640,36.6
51650,23.0
51660,36.7
51670,22.3
51678,23.4
51680,34.3
51683,14.7
51685,30.0
51690,16.7
51700,13.7
51710,38.1
51720,27.1
51730,33.0
51735,36.5
51740,46.9
51750,6.3
51760,33.2
51770,20.5
51775,37.8
51780,36.5
51790,14.1
51800,24.5
51810,17.3
51820,13.2
51830,26.2
51840,25.7
53000,23.9
53001,18.6
53003,23.7
53005,25.8
53007,18.2
53009,23.0
53011,24.8
53013,17.4
53015,26.0
53017,23.1
53019,23.7
53021,33.1
53023,24.0
53025,25.3
53027,24.5
53029,28.2
53031,15.1
53033,23.8
53035,15.7
53037,15.0
53039,18.6
53041,25.0
53043,26.3
53045,19.9
53047,27.8
53049,30.8
53051,28.1
53053,31.1
53055,19.3
53057,18.1
53059,21.5
53061,20.6
53063,14.5
53065,20.2
53067,26.9
53069,16.3
53071,27.0
53073,22.6
53075,17.1
53077,16.6
54000,29.0
54001,26.3
54003,30.1
54005,18.8
54007,30.3
54009,31.9
54011,23.0
54013,32.0
54015,31.2
54017,35.7
54019,28.0
54021,30.3
54023,30.0
54025,25.9
54027,25.1
54029,27.7
54031,23.0
54033,26.1
54035,22.9
54037,26.0
54039,14.9
54041,24.1
54043,26.1
54045,34.6
54047,30.2
54049,47.7
54051,23.2
54053,24.9
54055,30.1
54057,40.9
54059,24.4
54061,34.3
54063,16.9
54065,26.0
54067,23.1
54069,26.9
54071,22.5
54073,26.8
54075,20.3
54077,31.1
54079,24.8
54081,14.6
54083,28.7
54085,27.7
54087,29.0
54089,34.3
54091,35.4
54093,24.9
54095,25.9
54097,26.1
54099,27.7
54101,30.9
54103,42.3
54105,28.0
54107,31.8
54109,28.9
55000,33.2
55001,18.4
55003,28.0
55005,26.8
55007,20.1
55009,25.5
55011,15.9
55013,16.7
55015,23.5
55017,8.3
55019,15.5
55021,22.5
55023,12.9
55025,20.9
55027,13.6
55029,12.0
55031,16.4
55033,22.0
55035,16.8
55037,16.3
55039,20.4
55041,12.2
55043,24.2
55045,18.9
55047,14.2
55049,22.0
55051,13.9
55053,23.9
55055,22.5
55057,13.0
55059,24.1
55061,20.7
55063,11.9
55065,15.0
55067,20.2
55069,23.4
55071,17.9
55073,14.5
55075,15.3
55077,20.1
55078,20.6
55079,58.5
55081,33.2
55083,22.2
55085,13.9
55087,18.0
55089,10.9
55091,5.9
55093,19.9
55095,10.3
55097,15.0
55099,12.9
55101,19.6
55103,20.3
55105,24.2
55107,20.9
55109,29.6
55111,7.2
55113,16.9
55115,31.5
55117,20.1
55119,15.8
55121,21.2
55123,14.9
55125,25.7
55127,25.1
55129,15.7
55131,23.9
55133,8.2
55135,6.3
55137,17.8
55139,21.6
55141,15.7
56000,16.3
56001,13.5
56003,14.2
56005,15.4
56007,9.2
56009,14.1
56011,11.9
56013,10.7
56015,21.0
56017,20.0
56019,16.1
56021,11.0
56023,14.1
56025,11.7
56027,13.3
56029,19.2
56031,15.2
56033,16.3
56035,13.0
56037,7.5
56039,11.3
56041,10.5
56043,13.5
56045,14.5
60000,12.2
60010,
60020,
60030,
60040,
60050,
64000,
64002,
64005,
64040,
64060,
66000,
66010,
68000,
68007,
68010,
68030,
68040,
68050,
68060,
68070,
68073,
68080,
68090,
68100,
68110,
68120,
68130,
68140,
68150,
68160,
68170,
68180,
68190,
68300,
68310,
68320,
68330,
68340,
68350,
68360,
68385,
68390,
68400,
68410,
68420,
68430,
69000,
69085,
69100,
69110,
69120,
70000,
70002,
70004,
70212,
70214,
70227,
70228,
72000,
72001,
72003,
72005,
72007,
72009,
72011,
72013,
72015,
72017,
72019,
72021,
72023,
72025,
72027,
72029,
72031,
72033,
72035,
72037,
72041,
72043,
72045,
72047,
72049,
72051,
72053,
72054,
72055,
72057,
72059,
72061,
72063,
72065,
72067,
72069,
72071,
72073,
72075,
72077,
72079,
72081,
72083,
72085,
72087,
72089,
72091,
72093,
72097,
72099,
72101,
72103,
72105,
72107,
72109,
72111,
72113,
72115,
72117,
72119,
72121,
72123,
72125,
72127,
72129,
72131,
72133,
72135,
72137,
72139,
72141,
72143,
72145,
72147,
72149,
72151,
72153,
74000,
74050,
74100,
74150,
74200,
74250,
74300,
74350,
74400,
74450,
78000,
78010,
78010,
78020,
78030,
78050,
78100,
78150,
78218,
78222,
78224,
78226,
78350,
78370,
