id	name	rate
1000	Alabama	22.2
1001	Autauga	27.4
1003	Baldwin	19.6
1005	Barbour	20.8
1007	Bibb	42.4
1009	Blount	35.6
1011	Bullock	26.6
1013	Butler	44.2
1015	Calhoun	39.8
1017	Chambers	28.7
1019	Cherokee	34.7
1021	Chilton	31.6
1023	Choctaw	33.7
1025	Clarke	31
1027	Clay	35.3
1029	Cleburne	28.9
1031	Coffee	27.6
1033	Colbert	27.9
1035	Conecuh	25.8
1037	Coosa	43.4
1039	Covington	30.9
1041	Crenshaw	29.2
1043	Cullman	31.3
1045	Dale	22.6
1047	Dallas	28.2
1049	De Kalb	49.6
1051	Elmore	30.3
1053	Escambia	20.2
1055	Etowah	37.1
1057	Fayette	28.1
1059	Franklin	29.6
1061	Geneva	36.3
1063	Greene	38.2
1065	Hale	50.5
1067	Henry	38.8
1069	Houston	28.7
1071	Jackson	30.1
1073	Jefferson	28.1
1075	Lamar	26.8
1077	Lauderdale	30.8
1079	Lawrence	24.5
1081	Lee	26.2
1083	Limestone	21.8
1085	Lowndes	21.2
1087	Macon	53.1
1089	Madison	46.4
1091	Marengo	19.6
1093	Marion	50
1095	Marshall	30.5
1097	Mobile	29.5
1099	Monroe	31.3
1101	Montgomery	39.1
1103	Morgan	33
1105	Perry	25.1
1107	Pickens	52.6
1109	Pike	36.3
1111	Randolph	34.8
1113	Russell	34.1
1115	St. Clair	34
1117	Shelby	20.7
1119	Sumter	11.2
1121	Talladega	48.8
1123	Tallapoosa	28.9
1125	Tuscaloosa	36.3
1127	Walker	23.4
1129	Washington	32.2
1131	Wilcox	29.2
1133	Winston	50.1
2000	Alaska	33.9
2013	Aleutians East	13.6
2016	Aleutians West	13.3
2020	Anchorage	7.6
2050	Bethel	10.2
2060	Bristol Bay	30.8
2068	Denali	10.4
2070	Dillingham	3.9
2090	Fairbanks North Star	28.6
2100	Haines	11.2
2110	Juneau	17.8
2122	Kenai Peninsula	29.1
2130	Ketchikan Gateway	9.7
2150	Kodiak Island	13.9
2164	Lake and Peninsula	14.3
2170	Matanuska-Susitna	9.8
2180	Nome	24.4
2185	North Slope	12
2188	Northwest Arctic	28.4
2201	Prince of Wales-Outer Ketchikan	16.7
2220	Sitka	28.6
2232	Skagway-Hoonah-Angoon	13
2240	Southeast Fairbanks	24.1
2261	Valdez-Cordova	12.6
2270	Wade Hampton	5.6
2280	Wrangell-Petersburg	21.3
2282	Yakutat	10.9
2290	Yukon-Koyukuk	42.4
4000	Arizona	20.7
4001	Apache	26.8
4003	Cochise	30.1
4005	Coconino	26.6
4007	Gila	49.3
4009	Graham	29.1
4011	Greenlee	28.1
4012	La Paz	36.5
4013	Maricopa	26.8
4015	Mohave	13.8
4017	Navajo	36.9
4019	Pima	25.1
4021	Pinal	34
4023	Santa Cruz	43.1
4025	Yavapai	26.5
4027	Yuma	24.3
5000	Arkansas	34.7
5001	Arkansas	24.4
5003	Ashley	29.4
5005	Baxter	28.3
5007	Benton	29.6
5009	Boone	35.4
5011	Bradley	27
5013	Calhoun	17.1
5015	Carroll	26.5
5017	Chicot	39.8
5019	Clark	25.9
5021	Clay	36.7
5023	Cleburne	46.6
5025	Cleveland	31.1
5027	Columbia	29.5
5029	Conway	26.4
5031	Craighead	26
5033	Crawford	32.1
5035	Crittenden	33.1
5037	Cross	28.9
5039	Dallas	27.9
5041	Desha	36.1
5043	Drew	31.3
5045	Faulkner	36.9
5047	Franklin	47.5
5049	Fulton	32.7
5051	Garland	19.7
5053	Grant	31.2
5055	Greene	40.1
5057	Hempstead	35.1
5059	Hot Spring	21.5
5061	Howard	25.3
5063	Independence	36.2
5065	Izard	29.8
5067	Jackson	35.3
5069	Jefferson	27.2
5071	Johnson	31.4
5073	Lafayette	40.3
5075	Lawrence	38
5077	Lee	32.5
5079	Lincoln	40.3
5081	Little River	33.6
5083	Logan	51.7
5085	Lonoke	30.3
5087	Madison	28.3
5089	Marion	30.4
5091	Miller	17.7
5093	Mississippi	30.2
5095	Monroe	36
5097	Montgomery	32
5099	Nevada	39
5101	Newton	42
5103	Ouachita	37.5
5105	Perry	32.5
5107	Phillips	39.6
5109	Pike	43.6
5111	Poinsett	27.5
5113	Polk	53
5115	Pope	34
5117	Prairie	37.9
5119	Pulaski	37.9
5121	Randolph	25.9
5123	St. Francis	30.4
5125	Saline	25.7
5127	Scott	34
5129	Searcy	50.2
5131	Sebastian	15.5
5133	Sevier	35.2
5135	Sharp	43
5137	Stone	32.5
5139	Union	32.9
5141	Van Buren	38.7
5143	Washington	40.7
5145	White	31
5147	Woodruff	30
5149	Yell	25.9
6000	California	22.9
6001	Alameda	41.3
6003	Alpine	31.3
6005	Amador	23.5
6007	Butte	15.4
6009	Calaveras	31.9
6011	Colusa	22.1
6013	Contra Costa	25
6015	Del Norte	21.8
6017	El Dorado	20
6019	Fresno	13.4
6021	Glenn	32.6
6023	Humboldt	13.8
6025	Imperial	42
6027	Inyo	28.5
6029	Kern	25.6
6031	Kings	30.9
6033	Lake	23.1
6035	Lassen	30.5
6037	Los Angeles	28
6039	Madera	33.7
6041	Marin	19.9
6043	Mariposa	27.4
6045	Mendocino	32.2
6047	Merced	10.3
6049	Modoc	25.5
6051	Mono	28.9
6053	Monterey	34.1
6055	Napa	33.4
6057	Nevada	18.7
6059	Orange	24.4
6061	Placer	13.7
6063	Plumas	17.8
6065	Riverside	18.8
6067	Sacramento	9.5
6069	San Benito	24.9
6071	San Bernardino	24.2
6073	San Diego	25.9
6075	San Francisco	18.6
6077	San Joaquin	26.7
6079	San Luis Obispo	19.4
6081	San Mateo	14.4
6083	Santa Barbara	26.4
6085	Santa Clara	16.1
6087	Santa Cruz	10
6089	Shasta	20.9
6091	Sierra	12.9
6093	Siskiyou	18.9
6095	Solano	28.3
6097	Sonoma	20.4
6099	Stanislaus	28
6101	Sutter	17.8
6103	Tehama	16
6105	Trinity	30.5
6107	Tulare	25.4
6109	Tuolumne	28.7
6111	Ventura	34.6
6113	Yolo	39.8
6115	Yuba	21.6
8000	Colorado	18
8001	Adams	17.9
8003	Alamosa	28
8005	Arapahoe	16.8
8007	Archuleta	17.5
8009	Baca	35.3
8011	Bent	16.6
8013	Boulder	26.1
8015	Chaffee	29.3
8017	Cheyenne	37
8019	Clear Creek	12.8
8021	Conejos	7
8023	Costilla	19.3
8025	Crowley	20.3
8027	Custer	13.5
8029	Delta	30.4
8031	Denver	37.8
8033	Dolores	38.5
8035	Douglas	29.7
8037	Eagle	21.5
8039	Elbert	28.7
8041	El Paso	18.3
8043	Fremont	3.8
8045	Garfield	13.6
8047	Gilpin	9.1
8049	Grand	13.8
8051	Gunnison	31.2
8053	Hinsdale	16.4
8055	Huerfano	10.3
8057	Jackson	16.4
8059	Jefferson	18.1
8061	Kiowa	31.2
8063	Kit Carson	40.2
8065	Lake	26.2
8067	La Plata	12.6
8069	Larimer	20.2
8071	Las Animas	19.5
8073	Lincoln	26.8
8075	Logan	14.6
8077	Mesa	12.7
8079	Mineral	25.3
8081	Moffat	24.5
8083	Montezuma	19
8085	Montrose	19.3
8087	Morgan	14
8089	Otero	16.4
8091	Ouray	30.2
8093	Park	23.3
8095	Phillips	20.4
8097	Pitkin	35.1
8099	Prowers	16.6
8101	Pueblo	15.9
8103	Rio Blanco	17.3
8105	Rio Grande	8.9
8107	Routt	31
8109	Saguache	27.4
8111	San Juan	11.7
8113	San Miguel	28.9
8115	Sedgwick	12.1
8117	Summit	43
8119	Teller	27.2
8121	Washington	18
8123	Weld	22.9
8125	Yuma	13.1
9000	Connecticut	15.1
9001	Fairfield	19.9
9003	Hartford	16.6
9005	Litchfield	18.9
9007	Middlesex	14.5
9009	New Haven	11.9
9011	New London	17.4
9013	Tolland	9.2
9015	Windham	7.6
10000	Delaware	17.7
10001	Kent	13.4
10003	New Castle	7
10005	Sussex	18
11000	District of Columbia	19.1
11001	District of Columbia	20.2
12000	Florida	16.9
12001	Alachua	24.6
12003	Baker	29.3
12005	Bay	29.3
12007	Bradford	24.8
12009	Brevard	25.7
12011	Broward	25.6
12013	Calhoun	28.4
12015	Charlotte	29.1
12017	Citrus	21.9
12019	Clay	19.5
12021	Collier	32.7
12023	Columbia	25.3
12025	Dade	29.1
12027	De Soto	14.1
12029	Dixie	24.1
12031	Duval	29.5
12033	Escambia	46.5
12035	Flagler	39.5
12037	Franklin	25.6
12039	Gadsden	29.6
12041	Gilchrist	24.4
12043	Glades	38.9
12045	Gulf	39.6
12047	Hamilton	32.2
12049	Hardee	36
12051	Hendry	29.7
12053	Hernando	40.5
12055	Highlands	38.7
12057	Hillsborough	38.4
12059	Holmes	25.6
12061	Indian River	33.4
12063	Jackson	24
12065	Jefferson	38.3
12067	Lafayette	24.1
12069	Lake	38.1
12071	Lee	30.9
12073	Leon	32.5
12075	Levy	23.7
12077	Liberty	27.2
12079	Madison	22.6
12081	Manatee	39.3
12083	Marion	33.3
12085	Martin	42.1
12087	Monroe	28.3
12089	Nassau	30.1
12091	Okaloosa	20.6
12093	Okeechobee	27.8
12095	Orange	23.6
12097	Osceola	20.4
12099	Palm Beach	20.8
12101	Pasco	37
12103	Pinellas	26
12105	Polk	32
12107	Putnam	22.7
12109	St. Johns	19.2
12111	St. Lucie	23.6
12113	Santa Rosa	29.4
12115	Sarasota	42.8
12117	Seminole	11.7
12119	Sumter	28.6
12121	Suwannee	17.7
12123	Taylor	20.4
12125	Union	17.3
12127	Volusia	33.5
12129	Wakulla	37.5
12131	Walton	32.9
12133	Washington	27
13000	Georgia	25.3
13001	Appling	22.2
13003	Atkinson	29.9
13005	Bacon	34.5
13007	Baker	26.7
13009	Baldwin	40.3
13011	Banks	38.4
13013	Barrow	36.5
13015	Bartow	43.2
13017	Ben Hill	40.2
13019	Berrien	27.4
13021	Bibb	20.5
13023	Bleckley	25.4
13025	Brantley	44
13027	Brooks	35.4
13029	Bryan	44.6
13031	Bulloch	28.7
13033	Burke	34.5
13035	Butts	37.9
13037	Calhoun	14.5
13039	Camden	29.8
13043	Candler	46
13045	Carroll	29.6
13047	Catoosa	42.6
13049	Charlton	22.7
13051	Chatham	43.2
13053	Chattahoochee	25.2
13055	Chattooga	22.9
13057	Cherokee	36.3
13059	Clarke	30.2
13061	Clay	24.4
13063	Clayton	41.2
13065	Clinch	13.9
13067	Cobb	38.4
13069	Coffee	55.7
13071	Colquitt	36.6
13073	Columbia	39.8
13075	Cook	18
13077	Coweta	38.1
13079	Crawford	37.1
13081	Crisp	10.5
13083	Dade	35.7
13085	Dawson	19.4
13087	Decatur	32.6
13089	De Kalb	48.9
13091	Dodge	21.8
13093	Dooly	20.6
13095	Dougherty	40.7
13097	Douglas	30.1
13099	Early	37.1
13101	Echols	41.1
13103	Effingham	44.5
13105	Elbert	25.9
13107	Emanuel	43.3
13109	Evans	45
13111	Fannin	15.8
13113	Fayette	34
13115	Floyd	49.6
13117	Forsyth	44.2
13119	Franklin	34.8
13121	Fulton	9.9
13123	Gilmer	30.3
13125	Glascock	8.9
13127	Glynn	31.4
13129	Gordon	25.6
13131	Grady	39.9
13133	Greene	24.2
13135	Gwinnett	31
13137	Habersham	25.7
13139	Hall	39.5
13141	Hancock	41.2
13143	Haralson	20
13145	Harris	30.4
13147	Hart	30.1
13149	Heard	48.8
13151	Henry	30.8
13153	Houston	15
13155	Irwin	31.5
13157	Jackson	30.9
13159	Jasper	16.7
13161	Jeff Davis	21.9
13163	Jefferson	35
13165	Jenkins	18.6
13167	Johnson	31.3
13169	Jones	36.9
13171	Lamar	39.5
13173	Lanier	48.9
13175	Laurens	39.1
13177	Lee	23
13179	Liberty	29.4
13181	Lincoln	37.5
13183	Long	38.3
13185	Lowndes	16.1
13187	Lumpkin	28.1
13189	McDuffie	32
13191	McIntosh	30.6
13193	Macon	30.5
13195	Madison	27
13197	Marion	37.4
13199	Meriwether	36.5
13201	Miller	43.7
13205	Mitchell	27
13207	Monroe	38.8
13209	Montgomery	42.6
13211	Morgan	39.5
13213	Murray	42.2
13215	Muscogee	21.3
13217	Newton	35.8
13219	Oconee	24.9
13221	Oglethorpe	29.8
13223	Paulding	34
13225	Peach	24.1
13227	Pickens	10.9
13229	Pierce	25.3
13231	Pike	14.9
13233	Polk	32.2
13235	Pulaski	25.6
13237	Putnam	31.3
13239	Quitman	19.4
13241	Rabun	33
13243	Randolph	33.7
13245	Richmond	35.3
13247	Rockdale	46.6
13249	Schley	32.2
13251	Screven	45.1
13253	Seminole	43.6
13255	Spalding	24.2
13257	Stephens	28.6
13259	Stewart	40.5
13261	Sumter	43.4
13263	Talbot	34.9
13265	Taliaferro	31.1
13267	Tattnall	44
13269	Taylor	54
13271	Telfair	40.7
13273	Terrell	45.4
13275	Thomas	37.6
13277	Tift	41
13279	Toombs	40.6
13281	Towns	44.6
13283	Treutlen	29.2
13285	Troup	40.7
13287	Turner	40.8
13289	Twiggs	29.3
13291	Union	43.9
13293	Upson	33.5
13295	Walker	45.8
13297	Walton	33.8
13299	Ware	29.2
13301	Warren	34.6
13303	Washington	25.7
13305	Wayne	20.3
13307	Webster	40.7
13309	Wheeler	42.8
13311	White	36.8
13313	Whitfield	33.8
13315	Wilcox	33.7
13317	Wilkes	45.6
13319	Wilkinson	30.1
13321	Worth	27.5
15000	Hawaii	39.5
15001	Hawaii	37.5
15003	Honolulu	34.8
15005	Kalawao	34.4
15007	Kauai	14.4
15009	Maui	25.8
16000	Idaho	12.2
16001	Ada	.
16003	Adams	15.6
16005	Bannock	13.8
16007	Bear Lake	19.2
16009	Benewah	14.7
16011	Bingham	26.8
16013	Blaine	20.5
16015	Boise	17.3
16017	Bonner	24.3
16019	Bonneville	18.7
16021	Boundary	14
16023	Butte	22.9
16025	Camas	25.9
16027	Canyon	16.1
16029	Caribou	24.9
16031	Cassia	20.6
16033	Clark	20.8
16035	Clearwater	24.6
16037	Custer	14.8
16039	Elmore	20.4
16041	Franklin	24.7
16043	Fremont	26.4
16045	Gem	20
16047	Gooding	22.9
16049	Idaho	16.7
16051	Jefferson	23.8
16053	Jerome	26.2
16055	Kootenai	22.9
16057	Latah	23.3
16059	Lemhi	16.8
16061	Lewis	22.4
16063	Lincoln	17.9
16065	Madison	15.2
16067	Minidoka	25
16069	Nez Perce	25.3
16071	Oneida	23.8
16073	Owyhee	19.1
16075	Payette	20.5
16077	Power	18
16079	Shoshone	19.8
16081	Teton	26.4
16083	Twin Falls	22.9
16085	Valley	25.7
16087	Washington	28.3
17000	Illinois	20.1
17001	Adams	21.1
17003	Alexander	18.2
17005	Bond	25.1
17007	Boone	20.6
17009	Brown	19.9
17011	Bureau	53.2
17013	Calhoun	20.5
17015	Carroll	14.6
17017	Cass	14.8
17019	Champaign	17.7
17021	Christian	16.9
17023	Clark	21.4
17025	Clay	19.9
17027	Clinton	20.8
17029	Coles	20.7
17031	Cook	22.1
17033	Crawford	21.5
17035	Cumberland	12.1
17037	DeKalb	22.3
17039	De Witt	26
17041	Douglas	19.5
17043	DuPage	17.6
17045	Edgar	17.9
17047	Edwards	20.6
17049	Effingham	17.4
17051	Fayette	9.8
17053	Ford	24.9
17055	Franklin	19.7
17057	Fulton	15.9
17059	Gallatin	25.5
17061	Greene	18.1
17063	Grundy	30.1
17065	Hamilton	20.4
17067	Hancock	27.9
17069	Hardin	24
17071	Henderson	10.7
17073	Henry	23.8
17075	Iroquois	19.7
17077	Jackson	32.7
17079	Jasper	20.7
17081	Jefferson	16
17083	Jersey	20.5
17085	Jo Daviess	34
17087	Johnson	18
17089	Kane	26.7
17091	Kankakee	15.3
17093	Kendall	15.5
17095	Knox	21.1
17097	Lake	16.2
17099	La Salle	23
17101	Lawrence	7.8
17103	Lee	28.2
17105	Livingston	13.7
17107	Logan	19.8
17109	McDonough	25.4
17111	McHenry	17
17113	McLean	17.4
17115	Macon	19.1
17117	Macoupin	22.9
17119	Madison	9.2
17121	Marion	12.7
17123	Marshall	26.5
17125	Mason	20.9
17127	Massac	18.9
17129	Menard	32.4
17131	Mercer	16.6
17133	Monroe	22.7
17135	Montgomery	28.6
17137	Morgan	16.9
17139	Moultrie	13.6
17141	Ogle	5.8
17143	Peoria	21.7
17145	Perry	24.7
17147	Piatt	18.3
17149	Pike	16.6
17151	Pope	25.7
17153	Pulaski	24.8
17155	Putnam	10.1
17157	Randolph	27.3
17159	Richland	31.6
17161	Rock Island	36.8
17163	St. Clair	15
17165	Saline	21.2
17167	Sangamon	24.4
17169	Schuyler	25.1
17171	Scott	26.6
17173	Shelby	29.4
17175	Stark	21.9
17177	Stephenson	19.4
17179	Tazewell	19
17181	Union	20.4
17183	Vermilion	17.3
17185	Wabash	26.7
17187	Warren	12
17189	Washington	24.5
17191	Wayne	30.5
17193	White	20
17195	Whiteside	21.7
17197	Will	14.4
17199	Williamson	27.4
17201	Winnebago	23.9
17203	Woodford	19.2
18000	Indiana	11.5
18001	Adams	25.1
18003	Allen	26
18005	Bartholomew	9.3
18007	Benton	21.9
18009	Blackford	28.6
18011	Boone	24.8
18013	Brown	16.5
18015	Carroll	18.4
18017	Cass	25.1
18019	Clark	8.7
18021	Clay	19.9
18023	Clinton	15.9
18025	Crawford	21.2
18027	Daviess	18.4
18029	Dearborn	22.7
18031	Decatur	20.6
18033	De Kalb	30.4
18035	Delaware	23.5
18037	Dubois	15.9
18039	Elkhart	18
18041	Fayette	18.7
18043	Floyd	27.8
18045	Fountain	10.4
18047	Franklin	20.3
18049	Fulton	25.9
18051	Gibson	17.7
18053	Grant	19.2
18055	Greene	15.9
18057	Hamilton	25.2
18059	Hancock	15.9
18061	Harrison	33.3
18063	Hendricks	20.8
18065	Henry	6.1
18067	Howard	9.1
18069	Huntington	17.3
18071	Jackson	7.7
18073	Jasper	23.8
18075	Jay	24.2
18077	Jefferson	18.5
18079	Jennings	17.8
18081	Johnson	14.7
18083	Knox	27.2
18085	Kosciusko	22.3
18087	Lagrange	24
18089	Lake	14.7
18091	La Porte	23.8
18093	Lawrence	17.8
18095	Madison	19.3
18097	Marion	27.7
18099	Marshall	26.9
18101	Martin	20.4
18103	Miami	29.6
18105	Monroe	30.1
18107	Montgomery	18.2
18109	Morgan	21.4
18111	Newton	25.8
18113	Noble	17.8
18115	Ohio	19.4
18117	Orange	18.7
18119	Owen	17.2
18121	Parke	19.3
18123	Perry	17.2
18125	Pike	27.6
18127	Porter	25.2
18129	Posey	28.5
18131	Pulaski	19.4
18133	Putnam	18.6
18135	Randolph	15
18137	Ripley	13.4
18139	Rush	19.9
18141	St. Joseph	18.2
18143	Scott	26.2
18145	Shelby	15.1
18147	Spencer	19.1
18149	Starke	29.1
18151	Steuben	24.5
18153	Sullivan	18.1
18155	Switzerland	13.8
18157	Tippecanoe	28.4
18159	Tipton	19
18161	Union	23.8
18163	Vanderburgh	32.6
18165	Vermillion	18.5
18167	Vigo	14.5
18169	Wabash	21.2
18171	Warren	26.9
18173	Warrick	20.3
18175	Washington	29.7
18177	Wayne	21.3
18179	Wells	16
18181	White	11.1
18183	Whitley	24.7
19000	Iowa	30.6
19001	Adair	17.3
19003	Adams	19.3
19005	Allamakee	13.2
19007	Appanoose	16
19009	Audubon	15.6
19011	Benton	20.4
19013	Black Hawk	21.2
19015	Boone	25.3
19017	Bremer	16
19019	Buchanan	11.6
19021	Buena Vista	20.3
19023	Butler	15.5
19025	Calhoun	6.2
19027	Carroll	14.4
19029	Cass	17.5
19031	Cedar	12.8
19033	Cerro Gordo	16.1
19035	Cherokee	11.4
19037	Chickasaw	21.3
19039	Clarke	9
19041	Clay	15.8
19043	Clayton	15.5
19045	Clinton	14.6
19047	Crawford	20.5
19049	Dallas	16.6
19051	Davis	17.9
19053	Decatur	19.6
19055	Delaware	18.6
19057	Des Moines	6.7
19059	Dickinson	28.8
19061	Dubuque	29.7
19063	Emmet	13.5
19065	Fayette	22.2
19067	Floyd	11.7
19069	Franklin	14.5
19071	Fremont	20.7
19073	Greene	18.7
19075	Grundy	17.6
19077	Guthrie	20.6
19079	Hamilton	19.6
19081	Hancock	19.5
19083	Hardin	8.5
19085	Harrison	13.7
19087	Henry	15.9
19089	Howard	13.9
19091	Humboldt	18.5
19093	Ida	14.6
19095	Iowa	18.7
19097	Jackson	16.7
19099	Jasper	16.4
19101	Jefferson	15.9
19103	Johnson	10.5
19105	Jones	17.1
19107	Keokuk	13.5
19109	Kossuth	22
19111	Lee	12.7
19113	Linn	13.3
19115	Louisa	17.5
19117	Lucas	14
19119	Lyon	23.2
19121	Madison	12.1
19123	Mahaska	15.7
19125	Marion	23.6
19127	Marshall	10.2
19129	Mills	10.1
19131	Mitchell	17.9
19133	Monona	11
19135	Monroe	19.6
19137	Montgomery	13.6
19139	Muscatine	15.7
19141	O'Brien	19.1
19143	Osceola	18.3
19145	Page	22.3
19147	Palo Alto	18.5
19149	Plymouth	12.2
19151	Pocahontas	14.2
19153	Polk	24.8
19155	Pottawattamie	14.5
19157	Poweshiek	10.3
19159	Ringgold	16.8
19161	Sac	16
19163	Scott	18.9
19165	Shelby	14.2
19167	Sioux	28.5
19169	Story	14.3
19171	Tama	19.9
19173	Taylor	12
19175	Union	9.7
19177	Van Buren	10.5
19179	Wapello	17
19181	Warren	18
19183	Washington	20.1
19185	Wayne	26.3
19187	Webster	24.5
19189	Winnebago	9.1
19191	Winneshiek	14.8
19193	Woodbury	26.5
19195	Worth	22.1
19197	Wright	15.6
20000	Kansas	11.6
20001	Allen	22.7
20003	Anderson	16.1
20005	Atchison	16.8
20007	Barber	18.4
20009	Barton	26.4
20011	Bourbon	21
20013	Brown	22.2
20015	Butler	18.3
20017	Chase	20.3
20019	Chautauqua	30.1
20021	Cherokee	22.7
20023	Cheyenne	14.2
20025	Clark	18
20027	Clay	25.8
20029	Cloud	27.7
20031	Coffey	18.3
20033	Comanche	15.6
20035	Cowley	17.4
20037	Crawford	17.2
20039	Decatur	13.5
20041	Dickinson	15.9
20043	Doniphan	23.7
20045	Douglas	24.4
20047	Edwards	20.8
20049	Elk	16.2
20051	Ellis	18.9
20053	Ellsworth	15.2
20055	Finney	17.5
20057	Ford	32.4
20059	Franklin	13.7
20061	Geary	13.8
20063	Gove	22.7
20065	Graham	18.6
20067	Grant	19.5
20069	Gray	24.2
20071	Greeley	15
20073	Greenwood	18.6
20075	Hamilton	17.2
20077	Harper	13.6
20079	Harvey	13.4
20081	Haskell	23
20083	Hodgeman	20.5
20085	Jackson	21.4
20087	Jefferson	15.1
20089	Jewell	17.2
20091	Johnson	13.8
20093	Kearny	15.1
20095	Kingman	14.3
20097	Kiowa	20.2
20099	Labette	7
20101	Lane	19.2
20103	Leavenworth	17.6
20105	Lincoln	14.6
20107	Linn	26.6
20109	Logan	14.4
20111	Lyon	13.7
20113	McPherson	19.9
20115	Marion	21.5
20117	Marshall	13.7
20119	Meade	23.1
20121	Miami	11.7
20123	Mitchell	16.2
20125	Montgomery	14.7
20127	Morris	14.3
20129	Morton	12.6
20131	Nemaha	14.8
20133	Neosho	25
20135	Ness	19.6
20137	Norton	18.2
20139	Osage	11
20141	Osborne	29.8
20143	Ottawa	14.7
20145	Pawnee	16.9
20147	Phillips	16.6
20149	Pottawatomie	23.1
20151	Pratt	12.9
20153	Rawlins	18.6
20155	Reno	18.3
20157	Republic	12.2
20159	Rice	16.3
20161	Riley	16.6
20163	Rooks	20.2
20165	Rush	20.5
20167	Russell	18.4
20169	Saline	17.4
20171	Scott	18.6
20173	Sedgwick	19
20175	Seward	23.9
20177	Shawnee	19.8
20179	Sheridan	12.8
20181	Sherman	22.1
20183	Smith	25.3
20185	Stafford	22.2
20187	Stanton	16.5
20189	Stevens	24.1
20191	Sumner	17.7
20193	Thomas	20.2
20195	Trego	19.3
20197	Wabaunsee	15.6
20199	Wallace	18.2
20201	Washington	13.1
20203	Wichita	13.1
20205	Wilson	13.2
20207	Woodson	16.7
20209	Wyandotte	15
21000	Kentucky	17.6
21001	Adair	28.4
21003	Allen	30.2
21005	Anderson	38.3
21007	Ballard	25.5
21009	Barren	39
21011	Bath	31.4
21013	Bell	18.5
21015	Boone	26.2
21017	Bourbon	29.3
21019	Boyd	38.9
21021	Boyle	47.3
21023	Bracken	11.7
21025	Breathitt	25.8
21027	Breckinridge	26.6
21029	Bullitt	25
21031	Butler	24.7
21033	Caldwell	43.6
21035	Calloway	27.9
21037	Campbell	15.4
21039	Carlisle	33.5
21041	Carroll	28.7
21043	Carter	24.5
21045	Casey	21.1
21047	Christian	28.3
21049	Clark	31.6
21051	Clay	31.4
21053	Clinton	42.8
21055	Crittenden	26.3
21057	Cumberland	25.7
21059	Daviess	52.5
21061	Edmonson	41.2
21063	Elliott	34.1
21065	Estill	40.3
21067	Fayette	21.4
21069	Fleming	29.3
21071	Floyd	38.1
21073	Franklin	40.3
21075	Fulton	21.8
21077	Gallatin	32.1
21079	Garrard	37.9
21081	Grant	24.2
21083	Graves	45.6
21085	Grayson	24.5
21087	Green	28.7
21089	Greenup	27.9
21091	Hancock	28.7
21093	Hardin	34.6
21095	Harlan	31.6
21097	Harrison	25.7
21099	Hart	19.3
21101	Henderson	20.3
21103	Henry	36.6
21105	Hickman	25.1
21107	Hopkins	37.5
21109	Jackson	28.1
21111	Jefferson	23.2
21113	Jessamine	30.5
21115	Johnson	26.4
21117	Kenton	42.9
21119	Knott	22.3
21121	Knox	21.8
21123	Larue	32.7
21125	Laurel	19.7
21127	Lawrence	38.3
21129	Lee	49.4
21131	Leslie	27.1
21133	Letcher	31.4
21135	Lewis	32.2
21137	Lincoln	50
21139	Livingston	37.3
21141	Logan	34.4
21143	Lyon	39.3
21145	McCracken	31.4
21147	McCreary	22.8
21149	McLean	28.1
21151	Madison	22.8
21153	Magoffin	28.7
21155	Marion	52.6
21157	Marshall	24.8
21159	Martin	22.9
21161	Mason	39.5
21163	Meade	26.2
21165	Menifee	18.9
21167	Mercer	46
21169	Metcalfe	31
21171	Monroe	21.4
21173	Montgomery	46
21175	Morgan	23.7
21177	Muhlenberg	41.1
21179	Nelson	35.8
21181	Nicholas	26.1
21183	Ohio	37.5
21185	Oldham	35
21187	Owen	20
21189	Owsley	31.5
21191	Pendleton	26.7
21193	Perry	7.1
21195	Pike	27.6
21197	Powell	55
21199	Pulaski	23.9
21201	Robertson	35.2
21203	Rockcastle	29
21205	Rowan	40.8
21207	Russell	33.3
21209	Scott	35.8
21211	Shelby	36.3
21213	Simpson	31.3
21215	Spencer	37.9
21217	Taylor	14.4
21219	Todd	18.3
21221	Trigg	28.5
21223	Trimble	12.2
21225	Union	32.2
21227	Warren	30.3
21229	Washington	28.7
21231	Wayne	23.8
21233	Webster	24.8
21235	Whitley	22.6
21237	Wolfe	24.4
21239	Woodford	39.3
22000	Louisiana	24.1
22001	Acadia	37.2
22003	Allen	51.2
22005	Ascension	16.2
22007	Assumption	28.4
22009	Avoyelles	26.3
22011	Beauregard	26.5
22013	Bienville	15.7
22015	Bossier	25.6
22017	Caddo	33.9
22019	Calcasieu	22.7
22021	Caldwell	34
22023	Cameron	19.8
22025	Catahoula	32.5
22027	Claiborne	23.3
22029	Concordia	32.7
22031	De Soto	19.4
22033	East Baton Rouge	32.1
22035	East Carroll	42.4
22037	East Feliciana	41.8
22039	Evangeline	33.9
22041	Franklin	28.1
22043	Grant	57.7
22045	Iberia	28.8
22047	Iberville	35.7
22049	Jackson	45.1
22051	Jefferson	27.9
22053	Jefferson Davis	31.3
22055	Lafayette	34.9
22057	Lafourche	31
22059	La Salle	31.1
22061	Lincoln	24.3
22063	Livingston	21.1
22065	Madison	21.9
22067	Morehouse	26.9
22069	Natchitoches	32.1
22071	Orleans	18.1
22073	Ouachita	55.2
22075	Plaquemines	41.1
22077	Pointe Coupee	36.7
22079	Rapides	39
22081	Red River	35.1
22083	Richland	18.7
22085	Sabine	30.7
22087	St. Bernard	28.4
22089	St. Charles	36.8
22091	St. Helena	40.3
22093	St. James	30.8
22095	St. John the Baptist	38.4
22097	St. Landry	18.5
22099	St. Martin	38.8
22101	St. Mary	23.4
22103	St. Tammany	28.4
22105	Tangipahoa	40.5
22107	Tensas	29
22109	Terrebonne	29.5
22111	Union	15
22113	Vermilion	30.9
22115	Vernon	50.2
22117	Washington	23.2
22119	Webster	34
22121	West Baton Rouge	26.6
22123	West Carroll	22.3
22125	West Feliciana	36.2
22127	Winn	37
23000	Maine	24
23001	Androscoggin	34.8
23003	Aroostook	21.1
23005	Cumberland	35
23007	Franklin	18.2
23009	Hancock	22.3
23011	Kennebec	22.1
23013	Knox	13.7
23015	Lincoln	21
23017	Oxford	20.1
23019	Penobscot	19.1
23021	Piscataquis	20.4
23023	Sagadahoc	21.2
23025	Somerset	20.8
23027	Waldo	19.3
23029	Washington	27.7
23031	York	18.1
24000	Maryland	25.1
24001	Allegany	24.4
24003	Anne Arundel	27.2
24005	Baltimore	12.2
24009	Calvert	13.9
24011	Caroline	24.7
24013	Carroll	9.3
24015	Cecil	12.9
24017	Charles	8.6
24019	Dorchester	24.2
24021	Frederick	7.8
24023	Garrett	14.7
24025	Harford	10.8
24027	Howard	28.8
24029	Kent	8.6
24031	Montgomery	23.9
24033	Prince George's	9.6
24035	Queen Anne's	6.7
24037	St. Mary's	21.9
24039	Somerset	9.7
24041	Talbot	14.1
24043	Washington	10.8
24045	Wicomico	11.7
24047	Worcester	38.1
24510	Baltimore city	16.7
25000	Massachusetts	17.2
25001	Barnstable	23.2
25003	Berkshire	22
25005	Bristol	32.6
25007	Dukes	16.2
25009	Essex	14.9
25011	Franklin	18.8
25013	Hampden	19.2
25015	Hampshire	13.4
25017	Middlesex	16.9
25019	Nantucket	17.7
25021	Norfolk	29.3
25023	Plymouth	12.1
25025	Suffolk	10.6
25027	Worcester	9.4
26000	Michigan	7.5
26001	Alcona	11.2
26003	Alger	28.7
26005	Allegan	18
26007	Alpena	23.7
26009	Antrim	30
26011	Arenac	23.5
26013	Baraga	18.2
26015	Barry	27.3
26017	Bay	25.1
26019	Benzie	29.7
26021	Berrien	23.9
26023	Branch	16.3
26025	Calhoun	22.8
26027	Cass	20.9
26029	Charlevoix	25.8
26031	Cheboygan	26.7
26033	Chippewa	28.6
26035	Clare	24.7
26037	Clinton	22.4
26039	Crawford	33.4
26041	Delta	23.4
26043	Dickinson	40.1
26045	Eaton	11
26047	Emmet	32.3
26049	Genesee	22.9
26051	Gladwin	18.1
26053	Gogebic	15.8
26055	Grand Traverse	15.4
26057	Gratiot	33
26059	Hillsdale	33.9
26061	Houghton	34.8
26063	Huron	15.4
26065	Ingham	26.5
26067	Ionia	28.3
26069	Iosco	19.1
26071	Iron	24.9
26073	Isabella	26.1
26075	Jackson	17.7
26077	Kalamazoo	34.5
26079	Kalkaska	26.6
26081	Kent	22.6
26083	Keweenaw	28.5
26085	Lake	21
26087	Lapeer	29.1
26089	Leelanau	18.6
26091	Lenawee	22.6
26093	Livingston	52.2
26095	Luce	16.7
26097	Mackinac	16.2
26099	Macomb	21.4
26101	Manistee	8
26103	Marquette	32.4
26105	Mason	23.9
26107	Mecosta	19.7
26109	Menominee	28.8
26111	Midland	18
26113	Missaukee	26.8
26115	Monroe	31.6
26117	Montcalm	24.9
26119	Montmorency	16.7
26121	Muskegon	25.8
26123	Newaygo	16.4
26125	Oakland	26.8
26127	Oceana	36.5
26129	Ogemaw	28.1
26131	Ontonagon	26.1
26133	Osceola	13.1
26135	Oscoda	30.9
26137	Otsego	38
26139	Ottawa	31.6
26141	Presque Isle	34.4
26143	Roscommon	31.9
26145	Saginaw	21.2
26147	St. Clair	12.3
26149	St. Joseph	26.2
26151	Sanilac	39.8
26153	Schoolcraft	29.6
26155	Shiawassee	21.4
26157	Tuscola	26
26159	Van Buren	25.2
26161	Washtenaw	27.3
26163	Wayne	22.8
26165	Wexford	25.3
27000	Minnesota	24.6
27001	Aitkin	15.2
27003	Anoka	36.9
27005	Becker	29.1
27007	Beltrami	14
27009	Benton	23.3
27011	Big Stone	10.3
27013	Blue Earth	19.3
27015	Brown	27.3
27017	Carlton	14.3
27019	Carver	19.2
27021	Cass	13.5
27023	Chippewa	11.6
27025	Chisago	14.1
27027	Clay	5.2
27029	Clearwater	26.6
27031	Cook	16.2
27033	Cottonwood	8.2
27035	Crow Wing	13.3
27037	Dakota	24.6
27039	Dodge	16.5
27041	Douglas	19
27043	Faribault	16.4
27045	Fillmore	10
27047	Freeborn	9.6
27049	Goodhue	13
27051	Grant	18.2
27053	Hennepin	16.1
27055	Houston	16.9
27057	Hubbard	11.6
27059	Isanti	16.4
27061	Itasca	15.3
27063	Jackson	11.9
27065	Kanabec	21
27067	Kandiyohi	10.8
27069	Kittson	20.5
27071	Koochiching	14
27073	Lac qui Parle	21.6
27075	Lake	18.1
27077	Lake of the Woods	13.2
27079	Le Sueur	22.9
27081	Lincoln	14.3
27083	Lyon	16.6
27085	McLeod	19.9
27087	Mahnomen	11.2
27089	Marshall	13.6
27091	Martin	15.2
27093	Meeker	11.8
27095	Mille Lacs	38.3
27097	Morrison	13.6
27099	Mower	17.8
27101	Murray	12.2
27103	Nicollet	17.9
27105	Nobles	16.4
27107	Norman	18.7
27109	Olmsted	13.1
27111	Otter Tail	11.7
27113	Pennington	19.4
27115	Pine	19.8
27117	Pipestone	10.3
27119	Polk	16.5
27121	Pope	14.6
27123	Ramsey	23.2
27125	Red Lake	17.2
27127	Redwood	17.4
27129	Renville	13.5
27131	Rice	22.5
27133	Rock	14.2
27135	Roseau	13.7
27137	St. Louis	17.8
27139	Scott	13.9
27141	Sherburne	13.5
27143	Sibley	11.9
27145	Stearns	19
27147	Steele	6.7
27149	Stevens	7.7
27151	Swift	13.7
27153	Todd	12.6
27155	Traverse	14.4
27157	Wabasha	11.4
27159	Wadena	14.2
27161	Waseca	20.8
27163	Washington	18.3
27165	Watonwan	11.7
27167	Wilkin	20.3
27169	Winona	14
27171	Wright	6.9
27173	Yellow Medicine	17.3
28000	Mississippi	13.7
28001	Adams	14
28003	Alcorn	8.2
28005	Amite	14.1
28007	Attala	34
28009	Benton	44.3
28011	Bolivar	31.8
28013	Calhoun	36.8
28015	Carroll	37.9
28017	Chickasaw	39.6
28019	Choctaw	55.8
28021	Claiborne	36.3
28023	Clarke	28.5
28025	Clay	33.2
28027	Coahoma	37.3
28029	Copiah	52.1
28031	Covington	31.2
28033	DeSoto	47.7
28035	Forrest	55.9
28037	Franklin	42.5
28039	George	41.1
28041	Greene	16.4
28043	Grenada	37.7
28045	Hancock	34.4
28047	Harrison	25.7
28049	Hinds	25.8
28051	Holmes	35.9
28053	Humphreys	30.5
28055	Issaquena	35.4
28057	Itawamba	40.3
28059	Jackson	62.1
28061	Jasper	64.7
28063	Jefferson	56.4
28065	Jefferson Davis	27
28067	Jones	25.9
28069	Kemper	33.3
28071	Lafayette	49.7
28073	Lamar	44.3
28075	Lauderdale	32.1
28077	Lawrence	41.4
28079	Leake	29.7
28081	Lee	21.8
28083	Leflore	38.8
28085	Lincoln	27.4
28087	Lowndes	48.2
28089	Madison	26.3
28091	Marion	56.2
28093	Marshall	34.8
28095	Monroe	36.1
28097	Montgomery	18.2
28099	Neshoba	40.5
28101	Newton	36.3
28103	Noxubee	30.9
28105	Oktibbeha	36.6
28107	Panola	36.8
28109	Pearl River	32.1
28111	Perry	50.4
28113	Pike	32.7
28115	Pontotoc	39
28117	Prentiss	34.6
28119	Quitman	33.1
28121	Rankin	42.3
28123	Scott	23.9
28125	Sharkey	31.7
28127	Simpson	58.3
28129	Smith	16.7
28131	Stone	39.2
28133	Sunflower	57.9
28135	Tallahatchie	39.9
28137	Tate	30.8
28139	Tippah	30.9
28141	Tishomingo	51.7
28143	Tunica	45.6
28145	Union	27.3
28147	Walthall	31.6
28149	Warren	27.3
28151	Washington	48.2
28153	Wayne	27.2
28155	Webster	42.6
28157	Wilkinson	41.3
28159	Winston	51.1
28161	Yalobusha	36.1
28163	Yazoo	31.2
29000	Missouri	42.1
29001	Adair	41.5
29003	Andrew	39.4
29005	Atchison	51.4
29007	Audrain	22.2
29009	Barry	24.9
29011	Barton	13.1
29013	Bates	16.8
29015	Benton	32.9
29017	Bollinger	32.2
29019	Boone	27.8
29021	Buchanan	27.9
29023	Butler	39.3
29025	Caldwell	29
29027	Callaway	17.4
29029	Camden	25.7
29031	Cape Girardeau	31.6
29033	Carroll	22.3
29035	Carter	20.1
29037	Cass	32.6
29039	Cedar	21.9
29041	Chariton	26.2
29043	Christian	36.9
29045	Clark	12.7
29047	Clay	37.9
29049	Clinton	22.4
29051	Cole	16.4
29053	Cooper	25.6
29055	Crawford	12.2
29057	Dade	16.8
29059	Dallas	18.1
29061	Daviess	22.4
29063	De Kalb	30.1
29065	Dent	29.2
29067	Douglas	33
29069	Dunklin	31.1
29071	Franklin	17.7
29073	Gasconade	33.7
29075	Gentry	35.8
29077	Greene	40
29079	Grundy	16
29081	Harrison	23.8
29083	Henry	21.8
29085	Hickory	25.2
29087	Holt	31.8
29089	Howard	30.4
29091	Howell	28.6
29093	Iron	43.1
29095	Jackson	19
29097	Jasper	23.4
29099	Jefferson	38.5
29101	Johnson	34.8
29103	Knox	24.3
29105	Laclede	25.3
29107	Lafayette	14.6
29109	Lawrence	18.9
29111	Lewis	35.5
29113	Lincoln	30.8
29115	Linn	19.3
29117	Livingston	29.3
29119	McDonald	26.2
29121	Macon	17.1
29123	Madison	27.3
29125	Maries	24.1
29127	Marion	32.2
29129	Mercer	28.2
29131	Miller	33
29133	Mississippi	27.4
29135	Moniteau	24.9
29137	Monroe	25
29139	Montgomery	31.2
29141	Morgan	51.6
29143	New Madrid	21.9
29145	Newton	27.2
29147	Nodaway	22.6
29149	Oregon	33.1
29151	Osage	34.8
29153	Ozark	23.5
29155	Pemiscot	16.7
29157	Perry	39.7
29159	Pettis	12.3
29161	Phelps	41.7
29163	Pike	45.4
29165	Platte	17.5
29167	Polk	27.6
29169	Pulaski	23
29171	Putnam	27.3
29173	Ralls	10
29175	Randolph	28.6
29177	Ray	17.4
29179	Reynolds	31.2
29181	Ripley	17.4
29183	St. Charles	28.9
29185	St. Clair	20.8
29186	Ste. Genevieve	37
29187	St. Francois	39
29189	St. Louis	8.3
29195	Saline	38.5
29197	Schuyler	17.7
29199	Scotland	28
29201	Scott	16.2
29203	Shannon	28.5
29205	Shelby	34.1
29207	Stoddard	27.4
29209	Stone	29
29211	Sullivan	50.1
29213	Taney	26
29215	Texas	24.2
29217	Vernon	30
29219	Warren	22.6
29221	Washington	29
29223	Wayne	37.6
29225	Webster	31
29227	Worth	18.9
29229	Wright	39.2
29510	St. Louis city	41.6
30000	Montana	32
30001	Beaverhead	23.3
30003	Big Horn	41.2
30005	Blaine	43.1
30007	Broadwater	20.8
30009	Carbon	24.7
30011	Carter	36.5
30013	Cascade	33.9
30015	Chouteau	18.4
30017	Custer	16.5
30019	Daniels	22.6
30021	Dawson	21.7
30023	Deer Lodge	28.8
30025	Fallon	17.1
30027	Fergus	10.5
30029	Flathead	14.5
30031	Gallatin	25.3
30033	Garfield	10.8
30035	Glacier	19.5
30037	Golden Valley	22.4
30039	Granite	13
30041	Hill	24.4
30043	Jefferson	37.9
30045	Judith Basin	31.5
30047	Lake	24.4
30049	Lewis and Clark	22.9
30051	Liberty	13.8
30053	Lincoln	20.5
30055	McCone	30.7
30057	Madison	16.2
30059	Meagher	26.7
30061	Mineral	31.3
30063	Missoula	21.3
30065	Musselshell	17.6
30067	Park	31.2
30069	Petroleum	31
30071	Phillips	18.8
30073	Pondera	28.6
30075	Powder River	18.9
30077	Powell	18.3
30079	Prairie	24.3
30081	Ravalli	28.9
30083	Richland	15
30085	Roosevelt	24.5
30087	Rosebud	21.2
30089	Sanders	26.1
30091	Sheridan	10.1
30093	Silver Bow	37.8
30095	Stillwater	26.9
30097	Sweet Grass	31.6
30099	Teton	13.1
30101	Toole	25.9
30103	Treasure	12
30105	Valley	16
30107	Wheatland	19.2
30109	Wibaux	18.6
30111	Yellowstone	19.1
30113	Yellowstone National Park	18.8
31000	Nebraska	30.2
31001	Adams	17.3
31003	Antelope	15.8
31005	Arthur	17.1
31007	Banner	16.2
31009	Blaine	18.4
31011	Boone	15.4
31013	Box Butte	21.6
31015	Boyd	29.7
31017	Brown	13
31019	Buffalo	18.8
31021	Burt	25.4
31023	Butler	19.6
31025	Cass	15.2
31027	Cedar	17.2
31029	Chase	12.2
31031	Cherry	12.4
31033	Cheyenne	13.1
31035	Clay	12.8
31037	Colfax	21.7
31039	Cuming	13.7
31041	Custer	17.9
31043	Dakota	15.2
31045	Dawes	13.1
31047	Dawson	19.7
31049	Deuel	22.3
31051	Dixon	22.3
31053	Dodge	20.2
31055	Douglas	23
31057	Dundy	15.3
31059	Fillmore	15.1
31061	Franklin	20
31063	Frontier	20.6
31065	Furnas	12.9
31067	Gage	18
31069	Garden	14.6
31071	Garfield	21.8
31073	Gosper	16
31075	Grant	27.1
31077	Greeley	19
31079	Hall	15.1
31081	Hamilton	16.3
31083	Harlan	19.5
31085	Hayes	22.2
31087	Hitchcock	11.7
31089	Holt	18.3
31091	Hooker	25.1
31093	Howard	23.2
31095	Jefferson	16.7
31097	Johnson	12.6
31099	Kearney	14.8
31101	Keith	19.8
31103	Keya Paha	17.5
31105	Kimball	13.4
31107	Knox	22.4
31109	Lancaster	33.3
31111	Lincoln	19.6
31113	Logan	21
31115	Loup	16.7
31117	McPherson	17.9
31119	Madison	14.9
31121	Merrick	29.4
31123	Morrill	29.3
31125	Nance	17.4
31127	Nemaha	16.3
31129	Nuckolls	19.2
31131	Otoe	18
31133	Pawnee	17.1
31135	Perkins	18.8
31137	Phelps	13.7
31139	Pierce	23.7
31141	Platte	13.4
31143	Polk	12.9
31145	Red Willow	12.1
31147	Richardson	14.2
31149	Rock	12.1
31151	Saline	16.7
31153	Sarpy	21.8
31155	Saunders	25.6
31157	Scotts Bluff	14.9
31159	Seward	8.5
31161	Sheridan	10.9
31163	Sherman	24.3
31165	Sioux	9.8
31167	Stanton	26.9
31169	Thayer	20.9
31171	Thomas	26.6
31173	Thurston	12.1
31175	Valley	17.6
31177	Washington	21.8
31179	Wayne	40.7
31181	Webster	18.2
31183	Wheeler	9.7
31185	York	13.1
32000	Nevada	15.1
32001	Churchill	25.5
32003	Clark	13.7
32005	Douglas	22.7
32007	Elko	21
32009	Esmeralda	23.7
32011	Eureka	15.8
32013	Humboldt	12.1
32015	Lander	21.1
32017	Lincoln	9.8
32019	Lyon	14.4
32021	Mineral	13.2
32023	Nye	20.7
32027	Pershing	24.1
32029	Storey	30.2
32031	Washoe	31.6
32033	White Pine	24.6
32510	Carson City	12.6
33000	New Hampshire	19.6
33001	Belknap	17.6
33003	Carroll	22.9
33005	Cheshire	10.9
33007	Coos	13.6
33009	Grafton	16.5
33011	Hillsborough	13.7
33013	Merrimack	22.4
33015	Rockingham	13.4
33017	Strafford	11
33019	Sullivan	10.8
34000	New Jersey	6.7
34001	Atlantic	11.5
34003	Bergen	15
34005	Burlington	16.5
34007	Camden	25.3
34009	Cape May	10.6
34011	Cumberland	9
34013	Essex	22.3
34015	Gloucester	17.9
34017	Hudson	28.4
34019	Hunterdon	24.9
34021	Mercer	11.4
34023	Middlesex	31.5
34025	Monmouth	4.2
34027	Morris	15.4
34029	Ocean	12.6
34031	Passaic	10.3
34033	Salem	5.6
34035	Somerset	19.4
34037	Sussex	25.2
34039	Union	23.5
34041	Warren	6.6
35000	New Mexico	7.2
35001	Bernalillo	15
35003	Catron	11.6
35005	Chaves	30.1
35006	Cibola	27.1
35007	Colfax	40.8
35009	Curry	31.2
35011	De Baca	42.9
35013	Dona Ana	32.3
35015	Eddy	29.8
35017	Grant	36.9
35019	Guadalupe	37.6
35021	Harding	21.1
35023	Hidalgo	33.7
35025	Lea	35.7
35027	Lincoln	23.2
35028	Los Alamos	38.5
35029	Luna	20
35031	McKinley	34.1
35033	Mora	4.4
35035	Otero	44.1
35037	Quay	47.5
35039	Rio Arriba	37.3
35041	Roosevelt	33.6
35043	Sandoval	39.7
35045	San Juan	32.6
35047	San Miguel	31.5
35049	Santa Fe	20.9
35051	Sierra	27
35053	Socorro	43.3
35055	Taos	26.9
35057	Torrance	46.3
35059	Union	43.9
35061	Valencia	37.5
36000	New York	39.2
36001	Albany	24.4
36003	Allegany	31.2
36005	Bronx	22.9
36007	Broome	16.1
36009	Cattaraugus	25.6
36011	Cayuga	41.6
36013	Chautauqua	25
36015	Chemung	28.7
36017	Chenango	22.2
36019	Clinton	29.5
36021	Columbia	25.5
36023	Cortland	24.7
36025	Delaware	20.5
36027	Dutchess	17.9
36029	Erie	20.7
36031	Essex	29.1
36033	Franklin	12.8
36035	Fulton	23.1
36037	Genesee	19
36039	Greene	29
36041	Hamilton	25.1
36043	Herkimer	19.3
36045	Jefferson	21.6
36047	Kings	21.8
36049	Lewis	25.4
36051	Livingston	22.6
36053	Madison	33.3
36055	Monroe	22.9
36057	Montgomery	17.7
36059	Nassau	19.3
36061	New York	22.7
36063	Niagara	28.5
36065	Oneida	9.1
36067	Onondaga	26.6
36069	Ontario	19.5
36071	Orange	25.6
36073	Orleans	21.4
36075	Oswego	13.3
36077	Otsego	21.2
36079	Putnam	24.7
36081	Queens	27.7
36083	Rensselaer	21.6
36085	Richmond	6.7
36087	Rockland	21.6
36089	St. Lawrence	20.7
36091	Saratoga	19
36093	Schenectady	24.6
36095	Schoharie	29.7
36097	Schuyler	9.7
36099	Seneca	23.8
36101	Steuben	18.8
36103	Suffolk	25.8
36105	Sullivan	21.7
36107	Tioga	24.7
36109	Tompkins	10.1
36111	Ulster	28.3
36113	Warren	18
36115	Washington	17.9
36117	Wayne	17.4
36119	Westchester	18.9
36121	Wyoming	21.7
36123	Yates	17.7
37000	North Carolina	13.4
37001	Alamance	16.9
37003	Alexander	27.3
37005	Alleghany	25.1
37007	Anson	27.1
37009	Ashe	22.9
37011	Avery	32.6
37013	Beaufort	37.9
37015	Bertie	33.2
37017	Bladen	31.6
37019	Brunswick	32.6
37021	Buncombe	36.9
37023	Burke	37.4
37025	Cabarrus	28.1
37027	Caldwell	22
37029	Camden	31.1
37031	Carteret	17
37033	Caswell	25.4
37035	Catawba	13.9
37037	Chatham	24.1
37039	Cherokee	33.2
37041	Chowan	24.9
37043	Clay	21.9
37045	Cleveland	34.3
37047	Columbus	36.1
37049	Craven	32.9
37051	Cumberland	31
37053	Currituck	38.3
37055	Dare	26.2
37057	Davidson	27.4
37059	Davie	19.1
37061	Duplin	19.8
37063	Durham	28.3
37065	Edgecombe	19.2
37067	Forsyth	37
37069	Franklin	22.4
37071	Gaston	45.8
37073	Gates	30.4
37075	Graham	25.3
37077	Granville	28
37079	Greene	26.5
37081	Guilford	35.9
37083	Halifax	21
37085	Harnett	33.9
37087	Haywood	27.4
37089	Henderson	43.5
37091	Hertford	24.3
37093	Hoke	31.1
37095	Hyde	23.9
37097	Iredell	38.1
37099	Jackson	31.9
37101	Johnston	32.5
37103	Jones	17.6
37105	Lee	31.7
37107	Lenoir	21.6
37109	Lincoln	34.8
37111	McDowell	26.7
37113	Macon	34.1
37115	Madison	20.8
37117	Martin	31.3
37119	Mecklenburg	33
37121	Mitchell	30.1
37123	Montgomery	35.9
37125	Moore	20.5
37127	Nash	29.4
37129	New Hanover	33
37131	Northampton	22.3
37133	Onslow	24.1
37135	Orange	24.2
37137	Pamlico	42.1
37139	Pasquotank	23.2
37141	Pender	13.4
37143	Perquimans	35.1
37145	Person	33.9
37147	Pitt	25.5
37149	Polk	35.1
37151	Randolph	25.7
37153	Richmond	31.1
37155	Robeson	26.4
37157	Rockingham	28.7
37159	Rowan	40.8
37161	Rutherford	44
37163	Sampson	29.3
37165	Scotland	27.8
37167	Stanly	34.4
37169	Stokes	32.8
37171	Surry	44.1
37173	Swain	25.6
37175	Transylvania	20.7
37177	Tyrrell	31
37179	Union	34.9
37181	Vance	29.7
37183	Wake	38.9
37185	Warren	14.4
37187	Washington	40.3
37189	Watauga	14.5
37191	Wayne	39.8
37193	Wilkes	40.3
37195	Wilson	21.3
37197	Yadkin	32.1
37199	Yancey	31.5
38000	North Dakota	33.7
38001	Adams	27.1
38003	Barnes	30.8
38005	Benson	12.4
38007	Billings	13.7
38009	Bottineau	12.2
38011	Bowman	37.7
38013	Burke	6.8
38015	Burleigh	12.3
38017	Cass	8.3
38019	Cavalier	11.2
38021	Dickey	9.2
38023	Divide	11.2
38025	Dunn	11.5
38027	Eddy	14
38029	Emmons	15
38031	Foster	12.5
38033	Golden Valley	11.5
38035	Grand Forks	14.5
38037	Grant	9
38039	Griggs	17
38041	Hettinger	12
38043	Kidder	20.5
38045	La Moure	10.4
38047	Logan	12.7
38049	McHenry	17
38051	McIntosh	10.3
38053	McKenzie	13.9
38055	McLean	14.3
38057	Mercer	17.2
38059	Morton	12.7
38061	Mountrail	13
38063	Nelson	7.9
38065	Oliver	11.4
38067	Pembina	15.2
38069	Pierce	12.2
38071	Ramsey	17.3
38073	Ransom	9.3
38075	Renville	13.3
38077	Richland	17.4
38079	Rolette	9.7
38081	Sargent	9.9
38083	Sheridan	10.8
38085	Sioux	33.4
38087	Slope	7.4
38089	Stark	23.4
38091	Steele	43
38093	Stutsman	8.3
38095	Towner	7.7
38097	Traill	11.5
38099	Walsh	13.5
38101	Ward	15.2
38103	Wells	9.2
38105	Williams	13.4
39000	Ohio	9.9
39001	Adams	11.5
39003	Allen	9
39005	Ashland	22.7
39007	Ashtabula	35.2
39009	Athens	22.9
39011	Auglaize	19.8
39013	Belmont	29.2
39015	Brown	29.5
39017	Butler	13.7
39019	Carroll	25.2
39021	Champaign	25.7
39023	Clark	17.4
39025	Clermont	23.5
39027	Clinton	18.5
39029	Columbiana	28.3
39031	Coshocton	14.1
39033	Crawford	25.3
39035	Cuyahoga	27.4
39037	Darke	24.8
39039	Defiance	27.1
39041	Delaware	28.1
39043	Erie	21.2
39045	Fairfield	17.3
39047	Fayette	6.4
39049	Franklin	22.7
39051	Fulton	15.3
39053	Gallia	28.2
39055	Geauga	25.4
39057	Greene	14.5
39059	Guernsey	33.2
39061	Hamilton	10.3
39063	Hancock	15.7
39065	Hardin	33.9
39067	Harrison	25.8
39069	Henry	16.2
39071	Highland	22.2
39073	Hocking	26.1
39075	Holmes	15.6
39077	Huron	33.2
39079	Jackson	26.8
39081	Jefferson	20.2
39083	Knox	21.6
39085	Lake	30.1
39087	Lawrence	26.7
39089	Licking	22.3
39091	Logan	13.1
39093	Lorain	28.5
39095	Lucas	17.1
39097	Madison	18.7
39099	Mahoning	22.6
39101	Marion	29.7
39103	Medina	17.9
39105	Meigs	26.8
39107	Mercer	24.2
39109	Miami	8.9
39111	Monroe	31.4
39113	Montgomery	11.7
39115	Morgan	15.8
39117	Morrow	25.5
39119	Muskingum	28.7
39121	Noble	33.1
39123	Ottawa	21.9
39125	Paulding	30.3
39127	Perry	21.7
39129	Pickaway	14.8
39131	Pike	18.6
39133	Portage	27.1
39135	Preble	19
39137	Putnam	36
39139	Richland	18.4
39141	Ross	19.8
39143	Sandusky	9.2
39145	Scioto	25.6
39147	Seneca	28.1
39149	Shelby	19.5
39151	Stark	32.1
39153	Summit	20.3
39155	Trumbull	14.9
39157	Tuscarawas	23.1
39159	Union	20.6
39161	Van Wert	32.3
39163	Vinton	21.7
39165	Warren	9.5
39167	Washington	17.6
39169	Wayne	35.1
39171	Williams	8.8
39173	Wood	22.3
39175	Wyandot	20.1
40000	Oklahoma	18.8
40001	Adair	12.7
40003	Alfalfa	14.8
40005	Atoka	23.8
40007	Beaver	40.5
40009	Beckham	19.4
40011	Blaine	29.4
40013	Bryan	15.3
40015	Caddo	20.7
40017	Canadian	26
40019	Carter	27.6
40021	Cherokee	29.6
40023	Choctaw	10.8
40025	Cimarron	23.5
40027	Cleveland	32.6
40029	Coal	40.2
40031	Comanche	28.7
40033	Cotton	15.3
40035	Craig	26.8
40037	Creek	28.5
40039	Custer	23.5
40041	Delaware	27.9
40043	Dewey	21.2
40045	Ellis	18.6
40047	Garfield	35
40049	Garvin	17.9
40051	Grady	17.2
40053	Grant	20.5
40055	Greer	24.7
40057	Harmon	17.9
40059	Harper	18.4
40061	Haskell	31.1
40063	Hughes	32.9
40065	Jackson	14.4
40067	Jefferson	32.2
40069	Johnston	31.5
40071	Kay	26
40073	Kingfisher	30.5
40075	Kiowa	27.9
40077	Latimer	28.2
40079	Le Flore	14.5
40081	Lincoln	30.3
40083	Logan	27.4
40085	Love	30.8
40087	McClain	23.6
40089	McCurtain	16.8
40091	McIntosh	23.7
40093	Major	14.8
40095	Marshall	36.4
40097	Mayes	31
40099	Murray	16
40101	Muskogee	29.4
40103	Noble	29.4
40105	Nowata	21.8
40107	Okfuskee	29.9
40109	Oklahoma	19.7
40111	Okmulgee	27.4
40113	Osage	32.8
40115	Ottawa	26.2
40117	Pawnee	29.1
40119	Payne	21.9
40121	Pittsburg	33.1
40123	Pontotoc	23.6
40125	Pottawatomie	22.3
40127	Pushmataha	25.3
40129	Roger Mills	26.5
40131	Rogers	27.3
40133	Seminole	38.8
40135	Sequoyah	18.3
40137	Stephens	12.5
40139	Texas	35.4
40141	Tillman	34.5
40143	Tulsa	22
40145	Wagoner	19
40147	Washington	31.4
40149	Washita	23.1
40151	Woods	15.9
40153	Woodward	20.2
41000	Oregon	21.3
41001	Baker	17.5
41003	Benton	18.1
41005	Clackamas	21.6
41007	Clatsop	24.7
41009	Columbia	14.6
41011	Coos	11.3
41013	Crook	24.4
41015	Curry	17.2
41017	Deschutes	30.1
41019	Douglas	28.3
41021	Gilliam	28
41023	Grant	20.1
41025	Harney	28.6
41027	Hood River	19.7
41029	Jackson	29
41031	Jefferson	28
41033	Josephine	21.4
41035	Klamath	26.7
41037	Lake	33.9
41039	Lane	30.7
41041	Lincoln	26.8
41043	Linn	29
41045	Malheur	24.4
41047	Marion	33
41049	Morrow	26.3
41051	Multnomah	38.8
41053	Polk	27.9
41055	Sherman	24.5
41057	Tillamook	23
41059	Umatilla	21.8
41061	Union	23.7
41063	Wallowa	26.1
41065	Wasco	22.8
41067	Washington	24.7
41069	Wheeler	26.3
41071	Yamhill	25.9
42000	Pennsylvania	13.8
42001	Adams	39.1
42003	Allegheny	18.6
42005	Armstrong	19.2
42007	Beaver	14.7
42009	Bedford	18.5
42011	Berks	20.2
42013	Blair	16.3
42015	Bradford	20.2
42017	Bucks	21.2
42019	Butler	24.3
42021	Cambria	20.2
42023	Cameron	8.4
42025	Carbon	9.9
42027	Centre	23.2
42029	Chester	22.8
42031	Clarion	22.2
42033	Clearfield	13.6
42035	Clinton	8.4
42037	Columbia	21.9
42039	Crawford	23.5
42041	Cumberland	21.9
42043	Dauphin	20.2
42045	Delaware	22.6
42047	Elk	11.5
42049	Erie	20.4
42051	Fayette	14.2
42053	Forest	13.9
42055	Franklin	26.9
42057	Fulton	30.4
42059	Greene	38
42061	Huntingdon	17.4
42063	Indiana	18.1
42065	Jefferson	22.5
42067	Juniata	21.3
42069	Lackawanna	20
42071	Lancaster	24
42073	Lawrence	17.5
42075	Lebanon	20.8
42077	Lehigh	15.3
42079	Luzerne	20.9
42081	Lycoming	16
42083	McKean	22.2
42085	Mercer	26.8
42087	Mifflin	20
42089	Monroe	27.8
42091	Montgomery	22.2
42093	Montour	24.4
42095	Northampton	16.7
42097	Northumberland	8.2
42099	Perry	16.3
42101	Philadelphia	12.8
42103	Pike	23.1
42105	Potter	16.1
42107	Schuylkill	36.3
42109	Snyder	15.8
42111	Somerset	24
42113	Sullivan	19.8
42115	Susquehanna	19.2
42117	Tioga	19.4
42119	Union	21.9
42121	Venango	21.5
42123	Warren	18.6
42125	Washington	16.4
42127	Wayne	25
42129	Westmoreland	23.1
42131	Wyoming	14.2
42133	York	18.8
44000	Rhode Island	15.9
44001	Bristol	16.8
44003	Kent	16.9
44005	Newport	22
44007	Providence	9.1
44009	Washington	11.3
45000	South Carolina	13.4
45001	Abbeville	28.5
45003	Aiken	10.5
45005	Allendale	27.3
45007	Anderson	28.4
45009	Bamberg	28.6
45011	Barnwell	56.1
45013	Beaufort	24.3
45015	Berkeley	43
45017	Calhoun	38.6
45019	Charleston	23.9
45021	Cherokee	24.4
45023	Chester	30.6
45025	Chesterfield	25.8
45027	Clarendon	36.5
45029	Colleton	32.9
45031	Darlington	37
45033	Dillon	40.6
45035	Dorchester	39.3
45037	Edgefield	39.2
45039	Fairfield	42.9
45041	Florence	18.6
45043	Georgetown	27.1
45045	Greenville	34.8
45047	Greenwood	28.7
45049	Hampton	37.9
45051	Horry	24.5
45053	Jasper	34.7
45055	Kershaw	36.9
45057	Lancaster	31.3
45059	Laurens	40.3
45061	Lee	25.8
45063	Lexington	24.6
45065	McCormick	35.1
45067	Marion	44.2
45069	Marlboro	18.8
45071	Newberry	37.8
45073	Oconee	53.5
45075	Orangeburg	40.8
45077	Pickens	28.4
45079	Richland	27.7
45081	Saluda	38.3
45083	Spartanburg	21.7
45085	Sumter	24.6
45087	Union	33
45089	Williamsburg	26.9
45091	York	33.6
46000	South Dakota	30
46003	Aurora	49.3
46005	Beadle	17.2
46007	Bennett	18.6
46009	Bon Homme	16.6
46011	Brookings	22.1
46013	Brown	48.7
46015	Brule	17.7
46017	Buffalo	12
46019	Butte	12.3
46021	Campbell	19.7
46023	Charles Mix	47.5
46025	Clark	20.8
46027	Clay	11.7
46029	Codington	34.9
46031	Corson	21.3
46033	Custer	19.4
46035	Davison	12.2
46037	Day	53.4
46039	Deuel	18.1
46041	Dewey	15
46043	Douglas	20.3
46045	Edmunds	13
46047	Fall River	35.4
46049	Faulk	14.5
46051	Grant	15.5
46053	Gregory	23.6
46055	Haakon	20.9
46057	Hamlin	14.2
46059	Hand	25.5
46061	Hanson	15.8
46063	Harding	13.5
46065	Hughes	11.7
46067	Hutchinson	13.7
46069	Hyde	17.9
46071	Jackson	14.1
46073	Jerauld	18.3
46075	Jones	13.1
46077	Kingsbury	44.5
46079	Lake	24.3
46081	Lawrence	20.7
46083	Lincoln	14
46085	Lyman	13.5
46087	McCook	18.9
46089	McPherson	5.2
46091	Marshall	31.5
46093	Meade	11.7
46095	Mellette	23.2
46097	Miner	19.9
46099	Minnehaha	15.7
46101	Moody	47.9
46103	Pennington	15.5
46105	Perkins	13.6
46107	Potter	15
46109	Roberts	22.1
46111	Sanborn	18.7
46113	Shannon	14.8
46115	Spink	27.4
46117	Stanley	18.3
46119	Sully	53.4
46121	Todd	14.9
46123	Tripp	14.1
46125	Turner	7.2
46127	Union	51.1
46129	Walworth	27
46135	Yankton	13.2
46137	Ziebach	7.9
47000	Tennessee	19.5
47001	Anderson	14.9
47003	Bedford	55.4
47005	Benton	26.5
47007	Bledsoe	29.8
47009	Blount	27.7
47011	Bradley	35.6
47013	Campbell	36.3
47015	Cannon	20.3
47017	Carroll	27.5
47019	Carter	35.7
47021	Cheatham	25.2
47023	Chester	27
47025	Claiborne	34
47027	Clay	20.3
47029	Cocke	27.1
47031	Coffee	30.9
47033	Crockett	39.7
47035	Cumberland	41.1
47037	Davidson	29.9
47039	Decatur	27.7
47041	DeKalb	29.1
47043	Dickson	29.4
47045	Dyer	32.9
47047	Fayette	33.6
47049	Fentress	22.6
47051	Franklin	28.6
47053	Gibson	21
47055	Giles	37
47057	Grainger	25.4
47059	Greene	27.2
47061	Grundy	24.9
47063	Hamblen	29.1
47065	Hamilton	29.8
47067	Hancock	38.3
47069	Hardeman	29.1
47071	Hardin	25.8
47073	Hawkins	45.2
47075	Haywood	32.4
47077	Henderson	36.1
47079	Henry	31.3
47081	Hickman	35.1
47083	Houston	27.6
47085	Humphreys	32.9
47087	Jackson	33.2
47089	Jefferson	30.8
47091	Johnson	27.2
47093	Knox	39.9
47095	Lake	26.5
47097	Lauderdale	38.3
47099	Lawrence	20.3
47101	Lewis	44.9
47103	Lincoln	36.1
47105	Loudon	27.4
47107	McMinn	31.2
47109	McNairy	26.7
47111	Macon	24.8
47113	Madison	24.6
47115	Marion	28.7
47117	Marshall	32.6
47119	Maury	30.4
47121	Meigs	26.4
47123	Monroe	23.2
47125	Montgomery	21.9
47127	Moore	30.8
47129	Morgan	29.7
47131	Obion	21.4
47133	Overton	21.9
47135	Perry	33.1
47137	Pickett	28.7
47139	Polk	29.2
47141	Putnam	35.1
47143	Rhea	30.2
47145	Roane	29.1
47147	Robertson	35.6
47149	Rutherford	28.4
47151	Scott	28
47153	Sequatchie	18.8
47155	Sevier	15.5
47157	Shelby	39.1
47159	Smith	30.7
47161	Stewart	27.6
47163	Sullivan	34.7
47165	Sumner	24.3
47167	Tipton	26.6
47169	Trousdale	27.9
47171	Unicoi	15.7
47173	Union	21.9
47175	Van Buren	28
47177	Warren	28.9
47179	Washington	35.6
47181	Wayne	29
47183	Weakley	29
47185	White	23.5
47187	Williamson	30.9
47189	Wilson	26
48000	Texas	28.5
48001	Anderson	6.7
48003	Andrews	15
48005	Angelina	25
48007	Aransas	27.7
48009	Archer	15.3
48011	Armstrong	33.1
48013	Atascosa	37.6
48015	Austin	14.5
48017	Bailey	15.5
48019	Bandera	28.3
48021	Bastrop	20.4
48023	Baylor	31.5
48025	Bee	27.6
48027	Bell	27.2
48029	Bexar	32.3
48031	Blanco	31.2
48033	Borden	21.5
48035	Bosque	23.9
48037	Bowie	20.8
48039	Brazoria	15.6
48041	Brazos	27.2
48043	Brewster	31.3
48045	Briscoe	15.3
48047	Brooks	27.1
48049	Brown	23.5
48051	Burleson	29.4
48053	Burnet	46.7
48055	Caldwell	29.3
48057	Calhoun	28.8
48059	Callahan	25.9
48061	Cameron	26
48063	Camp	28.9
48065	Carson	23.5
48067	Cass	44.6
48069	Castro	33.5
48071	Chambers	11.7
48073	Cherokee	31.6
48075	Childress	30.4
48077	Clay	14.6
48079	Cochran	37
48081	Coke	32.8
48083	Coleman	20.3
48085	Collin	35.1
48087	Collingsworth	23.2
48089	Colorado	37
48091	Comal	9.9
48093	Comanche	36.9
48095	Concho	24.8
48097	Cooke	15.6
48099	Coryell	32.3
48101	Cottle	28.7
48103	Crane	24.1
48105	Crockett	21.3
48107	Crosby	35.8
48109	Culberson	13.1
48111	Dallam	20.2
48113	Dallas	43.3
48115	Dawson	36
48117	Deaf Smith	20.6
48119	Delta	29.5
48121	Denton	30.7
48123	De Witt	31.3
48125	Dickens	30.7
48127	Dimmit	11
48129	Donley	28.4
48131	Duval	35.5
48133	Eastland	39
48135	Ector	32.1
48137	Edwards	35.7
48139	Ellis	29.9
48141	El Paso	21.9
48143	Erath	38.3
48145	Falls	18.7
48147	Fannin	31.2
48149	Fayette	25.4
48151	Fisher	33.4
48153	Floyd	25.1
48155	Foard	18.4
48157	Fort Bend	26.7
48159	Franklin	34
48161	Freestone	28.7
48163	Frio	12.2
48165	Gaines	29.8
48167	Galveston	22.8
48169	Garza	35.9
48171	Gillespie	21.4
48173	Glasscock	20.2
48175	Goliad	29
48177	Gonzales	22.4
48179	Gray	16
48181	Grayson	24.9
48183	Gregg	30.7
48185	Grimes	18.5
48187	Guadalupe	21.9
48189	Hale	24.5
48191	Hall	26.9
48193	Hamilton	16.3
48195	Hansford	31.6
48197	Hardeman	38
48199	Hardin	29.9
48201	Harris	18
48203	Harrison	31.1
48205	Hartley	17.8
48207	Haskell	26.7
48209	Hays	25.8
48211	Hemphill	10.1
48213	Henderson	36.1
48215	Hidalgo	15.1
48217	Hill	11.3
48219	Hockley	37.3
48221	Hood	44.5
48223	Hopkins	28.6
48225	Houston	24.4
48227	Howard	22.4
48229	Hudspeth	29
48231	Hunt	34.8
48233	Hutchinson	24.9
48235	Irion	45.7
48237	Jack	25.5
48239	Jackson	22.4
48241	Jasper	13.1
48243	Jeff Davis	21
48245	Jefferson	20.8
48247	Jim Hogg	30.1
48249	Jim Wells	26.6
48251	Johnson	31.4
48253	Jones	34.2
48255	Karnes	31.9
48257	Kaufman	18.5
48259	Kendall	30.2
48261	Kenedy	29.1
48263	Kent	17.6
48265	Kerr	13
48267	Kimble	30.7
48269	King	23.7
48271	Kinney	29.2
48273	Kleberg	37.7
48275	Knox	10.8
48277	Lamar	24.3
48279	Lamb	29.9
48281	Lampasas	36.8
48283	La Salle	28.8
48285	Lavaca	31.7
48287	Lee	26.2
48289	Leon	35.6
48291	Liberty	18.8
48293	Limestone	19.7
48295	Lipscomb	26.4
48297	Live Oak	26.1
48299	Llano	30.2
48301	Loving	15.3
48303	Lubbock	25.6
48305	Lynn	30
48307	McCulloch	19.2
48309	McLennan	25.2
48311	McMullen	30.4
48313	Madison	35
48315	Marion	27.7
48317	Martin	15.9
48319	Mason	30.2
48321	Matagorda	39.4
48323	Maverick	19.9
48325	Medina	28
48327	Menard	32.7
48329	Midland	34.8
48331	Milam	26.3
48333	Mills	41.9
48335	Mitchell	15.8
48337	Montague	28.3
48339	Montgomery	29.8
48341	Moore	25.8
48343	Morris	24.4
48345	Motley	16.5
48347	Nacogdoches	22.7
48349	Navarro	31.1
48351	Newton	34.3
48353	Nolan	33.3
48355	Nueces	33.5
48357	Ochiltree	31.6
48359	Oldham	31.9
48361	Orange	26.2
48363	Palo Pinto	15.6
48365	Panola	34.4
48367	Parker	22.5
48369	Parmer	27.5
48371	Pecos	20.2
48373	Polk	16.4
48375	Potter	22.6
48377	Presidio	23.7
48379	Rains	31
48381	Randall	32.3
48383	Reagan	34.5
48385	Real	30.7
48387	Red River	14.2
48389	Reeves	13.3
48391	Refugio	39.1
48393	Roberts	30
48395	Robertson	32.5
48397	Rockwall	25.7
48399	Runnels	14.9
48401	Rusk	35
48403	Sabine	9.1
48405	San Augustine	30
48407	San Jacinto	27.6
48409	San Patricio	30
48411	San Saba	39.5
48413	Schleicher	33.6
48415	Scurry	23.7
48417	Shackelford	37
48419	Shelby	20.1
48421	Sherman	21.1
48423	Smith	22.2
48425	Somervell	32.3
48427	Starr	18.4
48429	Stephens	25.3
48431	Sterling	18.2
48433	Stonewall	51.2
48435	Sutton	31.4
48437	Swisher	21.1
48439	Tarrant	24.5
48441	Taylor	18.5
48443	Terrell	30.7
48445	Terry	21.5
48447	Throckmorton	24.9
48449	Titus	28.6
48451	Tom Green	32.7
48453	Travis	23.7
48455	Trinity	32.8
48457	Tyler	22.4
48459	Upshur	21
48461	Upton	33.7
48463	Uvalde	28.2
48465	Val Verde	25.9
48467	Van Zandt	20
48469	Victoria	39.4
48471	Walker	32.3
48473	Waller	26.1
48475	Ward	23.8
48477	Washington	28.6
48479	Webb	26.4
48481	Wharton	20.1
48483	Wheeler	21.8
48485	Wichita	40.6
48487	Wilbarger	28.2
48489	Willacy	19.3
48491	Williamson	27.8
48493	Wilson	26.5
48495	Winkler	49.8
48497	Wise	9.7
48499	Wood	16.3
48501	Yoakum	20.8
48503	Young	16.3
48505	Zapata	28.2
48507	Zavala	17.4
49000	Utah	25.1
49001	Beaver	42.9
49003	Box Elder	45
49005	Cache	14.6
49007	Carbon	14
49009	Daggett	13
49011	Davis	14.2
49013	Duchesne	20.2
49015	Emery	8.3
49017	Garfield	9.7
49019	Grand	12.2
49021	Iron	17.4
49023	Juab	18.5
49025	Kane	23.4
49027	Millard	23.7
49029	Morgan	17.3
49031	Piute	20
49033	Rich	20.4
49035	Salt Lake	6.3
49037	San Juan	39.6
49039	Sanpete	16.1
49041	Sevier	15.9
49043	Summit	30.6
49045	Tooele	21.6
49047	Uintah	19.1
49049	Utah	9.6
49051	Wasatch	11.5
49053	Washington	13.2
49055	Wayne	12.1
49057	Weber	11
50000	Vermont	21.4
50001	Addison	25.3
50003	Bennington	17.2
50005	Caledonia	15.2
50007	Chittenden	13.2
50009	Essex	21.2
50011	Franklin	19.7
50013	Grand Isle	10.1
50015	Lamoille	26.3
50017	Orange	15.7
50019	Orleans	14.4
50021	Rutland	15.8
50023	Washington	17.2
50025	Windham	21.9
50027	Windsor	17.4
51000	Virginia	14
51001	Accomack	19.4
51003	Albemarle	14.2
51005	Alleghany	15.7
51007	Amelia	29.4
51009	Amherst	11.6
51011	Appomattox	20.9
51013	Arlington	18.2
51015	Augusta	20.8
51017	Bath	24
51019	Bedford	11.2
51021	Bland	12.9
51023	Botetourt	17.9
51025	Brunswick	12.3
51027	Buchanan	20.2
51029	Buckingham	10
51031	Campbell	28.9
51033	Caroline	32.8
51035	Carroll	28.4
51036	Charles City	18.7
51037	Charlotte	21
51041	Chesterfield	25.6
51043	Clarke	19.6
51045	Craig	27.6
51047	Culpeper	10.8
51049	Cumberland	9.9
51051	Dickenson	21.7
51053	Dinwiddie	15.2
51057	Essex	27.8
51059	Fairfax	27.5
51061	Fauquier	20.2
51063	Floyd	26.1
51065	Fluvanna	7.7
51067	Franklin	8.8
51069	Frederick	21.1
51071	Giles	10.5
51073	Gloucester	22.6
51075	Goochland	11.6
51077	Grayson	17.8
51079	Greene	16
51081	Greensville	9.5
51083	Halifax	29.1
51085	Hanover	16.6
51087	Henrico	28.7
51089	Henry	28.9
51091	Highland	6.8
51093	Isle of Wight	14.6
51095	James City	29.5
51097	King and Queen	24.3
51099	King George	14
51101	King William	11.2
51103	Lancaster	21.1
51105	Lee	10.8
51107	Loudoun	13.3
51109	Louisa	28.4
51111	Lunenburg	38.6
51113	Madison	4.1
51115	Mathews	17.7
51117	Mecklenburg	29.5
51119	Middlesex	18.5
51121	Montgomery	18.2
51125	Nelson	28.4
51127	New Kent	26.6
51131	Northampton	18.3
51133	Northumberland	23.1
51135	Nottoway	9.9
51137	Orange	34.3
51139	Page	31
51141	Patrick	29.3
51143	Pittsylvania	15.5
51145	Powhatan	22.3
51147	Prince Edward	28.2
51149	Prince George	21.3
51153	Prince William	9.2
51155	Pulaski	29.3
51157	Rappahannock	14.8
51159	Richmond	10
51161	Roanoke	22.3
51163	Rockbridge	17.7
51165	Rockingham	25.8
51167	Russell	9.8
51169	Scott	18.3
51171	Shenandoah	14.5
51173	Smyth	26.2
51175	Southampton	26.5
51177	Spotsylvania	18
51179	Stafford	25.9
51181	Surry	22.5
51183	Sussex	10.4
51185	Tazewell	8.1
51187	Warren	20.2
51191	Washington	30.4
51193	Westmoreland	22.9
51195	Wise	17
51197	Wythe	21.2
51199	York	28.5
51510	Alexandria	27.8
51515	Bedford	21.6
51520	Bristol	7.4
51530	Buena Vista	15.3
51540	Charlottesville	31
51550	Chesapeake	36.4
51560	Clifton Forge	24.1
51570	Colonial Heights	23.7
51580	Covington	12.6
51590	Danville	17.2
51595	Emporia	24.8
51600	Fairfax	39.1
51610	Falls Church	41.6
51620	Franklin	7.9
51630	Fredericksburg	3.4
51640	Galax	36.6
51650	Hampton	23
51660	Harrisonburg	36.7
51670	Hopewell	22.3
51678	Lexington	23.4
51680	Lynchburg	34.3
51683	Manassas	14.7
51685	Manassas Park	30
51690	Martinsville	16.7
51700	Newport News	13.7
51710	Norfolk	38.1
51720	Norton	27.1
51730	Petersburg	33
51735	Poquoson	36.5
51740	Portsmouth	46.9
51750	Radford	6.3
51760	Richmond	33.2
51770	Roanoke	20.5
51775	Salem	37.8
51780	South Boston	36.5
51790	Staunton	14.1
51800	Suffolk	24.5
51810	Virginia Beach	17.3
51820	Waynesboro	13.2
51830	Williamsburg	26.2
51840	Winchester	25.7
53000	Washington	23.9
53001	Adams	18.6
53003	Asotin	23.7
53005	Benton	25.8
53007	Chelan	18.2
53009	Clallam	23
53011	Clark	24.8
53013	Columbia	17.4
53015	Cowlitz	26
53017	Douglas	23.1
53019	Ferry	23.7
53021	Franklin	33.1
53023	Garfield	24
53025	Grant	25.3
53027	Grays Harbor	24.5
53029	Island	28.2
53031	Jefferson	15.1
53033	King	23.8
53035	Kitsap	15.7
53037	Kittitas	15
53039	Klickitat	18.6
53041	Lewis	25
53043	Lincoln	26.3
53045	Mason	19.9
53047	Okanogan	27.8
53049	Pacific	30.8
53051	Pend Oreille	28.1
53053	Pierce	31.1
53055	San Juan	19.3
53057	Skagit	18.1
53059	Skamania	21.5
53061	Snohomish	20.6
53063	Spokane	14.5
53065	Stevens	20.2
53067	Thurston	26.9
53069	Wahkiakum	16.3
53071	Walla Walla	27
53073	Whatcom	22.6
53075	Whitman	17.1
53077	Yakima	16.6
54000	West Virginia	29
54001	Barbour	26.3
54003	Berkeley	30.1
54005	Boone	18.8
54007	Braxton	30.3
54009	Brooke	31.9
54011	Cabell	23
54013	Calhoun	32
54015	Clay	31.2
54017	Doddridge	35.7
54019	Fayette	28
54021	Gilmer	30.3
54023	Grant	30
54025	Greenbrier	25.9
54027	Hampshire	25.1
54029	Hancock	27.7
54031	Hardy	23
54033	Harrison	26.1
54035	Jackson	22.9
54037	Jefferson	26
54039	Kanawha	14.9
54041	Lewis	24.1
54043	Lincoln	26.1
54045	Logan	34.6
54047	McDowell	30.2
54049	Marion	47.7
54051	Marshall	23.2
54053	Mason	24.9
54055	Mercer	30.1
54057	Mineral	40.9
54059	Mingo	24.4
54061	Monongalia	34.3
54063	Monroe	16.9
54065	Morgan	26
54067	Nicholas	23.1
54069	Ohio	26.9
54071	Pendleton	22.5
54073	Pleasants	26.8
54075	Pocahontas	20.3
54077	Preston	31.1
54079	Putnam	24.8
54081	Raleigh	14.6
54083	Randolph	28.7
54085	Ritchie	27.7
54087	Roane	29
54089	Summers	34.3
54091	Taylor	35.4
54093	Tucker	24.9
54095	Tyler	25.9
54097	Upshur	26.1
54099	Wayne	27.7
54101	Webster	30.9
54103	Wetzel	42.3
54105	Wirt	28
54107	Wood	31.8
54109	Wyoming	28.9
55000	Wisconsin	33.2
55001	Adams	18.4
55003	Ashland	28
55005	Barron	26.8
55007	Bayfield	20.1
55009	Brown	25.5
55011	Buffalo	15.9
55013	Burnett	16.7
55015	Calumet	23.5
55017	Chippewa	8.3
55019	Clark	15.5
55021	Columbia	22.5
55023	Crawford	12.9
55025	Dane	20.9
55027	Dodge	13.6
55029	Door	12
55031	Douglas	16.4
55033	Dunn	22
55035	Eau Claire	16.8
55037	Florence	16.3
55039	Fond du Lac	20.4
55041	Forest	12.2
55043	Grant	24.2
55045	Green	18.9
55047	Green Lake	14.2
55049	Iowa	22
55051	Iron	13.9
55053	Jackson	23.9
55055	Jefferson	22.5
55057	Juneau	13
55059	Kenosha	24.1
55061	Kewaunee	20.7
55063	La Crosse	11.9
55065	Lafayette	15
55067	Langlade	20.2
55069	Lincoln	23.4
55071	Manitowoc	17.9
55073	Marathon	14.5
55075	Marinette	15.3
55077	Marquette	20.1
55078	Menominee	20.6
55079	Milwaukee	58.5
55081	Monroe	33.2
55083	Oconto	22.2
55085	Oneida	13.9
55087	Outagamie	18
55089	Ozaukee	10.9
55091	Pepin	5.9
55093	Pierce	19.9
55095	Polk	10.3
55097	Portage	15
55099	Price	12.9
55101	Racine	19.6
55103	Richland	20.3
55105	Rock	24.2
55107	Rusk	20.9
55109	St. Croix	29.6
55111	Sauk	7.2
55113	Sawyer	16.9
55115	Shawano	31.5
55117	Sheboygan	20.1
55119	Taylor	15.8
55121	Trempealeau	21.2
55123	Vernon	14.9
55125	Vilas	25.7
55127	Walworth	25.1
55129	Washburn	15.7
55131	Washington	23.9
55133	Waukesha	8.2
55135	Waupaca	6.3
55137	Waushara	17.8
55139	Winnebago	21.6
55141	Wood	15.7
56000	Wyoming	16.3
56001	Albany	13.5
56003	Big Horn	14.2
56005	Campbell	15.4
56007	Carbon	9.2
56009	Converse	14.1
56011	Crook	11.9
56013	Fremont	10.7
56015	Goshen	21
56017	Hot Springs	20
56019	Johnson	16.1
56021	Laramie	11
56023	Lincoln	14.1
56025	Natrona	11.7
56027	Niobrara	13.3
56029	Park	19.2
56031	Platte	15.2
56033	Sheridan	16.3
56035	Sublette	13
56037	Sweetwater	7.5
56039	Teton	11.3
56041	Uinta	10.5
56043	Washakie	13.5
56045	Weston	14.5
60000	America Somoa	12.2
